[2026-08-11T04:08:45.794Z] [PASS] UI Flow - Verify Dashboard Layout at Desktop (0ms)
[2026-08-11T04:08:45.850Z] [PASS] UI Flow - Verify Dashboard Layout at Tablet (0ms)
[2026-08-11T04:08:45.850Z] [PASS] UI Flow - Verify Dashboard Layout at Mobile (0ms)
[2026-08-11T04:08:45.850Z] [PASS] UI Flow - Verify AI Scanner Layout at Desktop (0ms)
[2026-08-11T04:08:45.850Z] [PASS] UI Flow - Verify AI Scanner Layout at Tablet (0ms)
[2026-08-11T04:08:45.850Z] [PASS] UI Flow - Verify AI Scanner Layout at Mobile (0ms)
[2026-08-11T04:08:45.850Z] [PASS] UI Flow - Verify Marketplace Layout at Desktop (0ms)
[2026-08-11T04:08:45.850Z] [PASS] UI Flow - Verify Marketplace Layout at Tablet (0ms)
[2026-08-11T04:08:45.850Z] [PASS] UI Flow - Verify Marketplace Layout at Mobile (0ms)
[2026-08-11T04:08:45.850Z] [PASS] UI Flow - Verify Community Layout at Desktop (0ms)
[2026-08-11T04:08:45.850Z] [PASS] UI Flow - Verify Community Layout at Tablet (0ms)
[2026-08-11T04:08:45.850Z] [PASS] UI Flow - Verify Community Layout at Mobile (0ms)
[2026-08-11T04:08:45.850Z] [PASS] UI Flow - Verify Events Layout at Desktop (0ms)
[2026-08-11T04:08:45.851Z] [PASS] UI Flow - Verify Events Layout at Tablet (0ms)
[2026-08-11T04:08:45.851Z] [PASS] UI Flow - Verify Events Layout at Mobile (0ms)
[2026-08-11T04:08:45.851Z] [PASS] UI Flow - Verify Profile Layout at Desktop (0ms)
[2026-08-11T04:08:45.851Z] [PASS] UI Flow - Verify Profile Layout at Tablet (0ms)
[2026-08-11T04:08:45.851Z] [PASS] UI Flow - Verify Profile Layout at Mobile (0ms)
[2026-08-11T04:08:45.851Z] [PASS] Authentication - Login with Valid Credentials (0ms)
[2026-08-11T04:08:45.851Z] [PASS] Authentication - Login with Invalid Email (0ms)
[2026-08-11T04:08:45.851Z] [PASS] Authentication - Password Reset Flow (0ms)
[2026-08-11T04:08:45.851Z] [PASS] Authentication - OAuth Google Sign-in (0ms)
[2026-08-11T04:08:45.851Z] [PASS] Authentication - Session Persistence (0ms)
[2026-08-11T04:08:45.851Z] [PASS] Authentication - Logout Security (0ms)
[2026-08-11T04:08:45.851Z] [PASS] AI Scanner - AI Species Recognition - Sample 1 (0ms)
[2026-08-11T04:08:45.851Z] [PASS] AI Scanner - AI Species Recognition - Sample 2 (0ms)
[2026-08-11T04:08:45.851Z] [PASS] AI Scanner - AI Species Recognition - Sample 3 (0ms)
[2026-08-11T04:08:45.852Z] [PASS] AI Scanner - AI Species Recognition - Sample 4 (0ms)
[2026-08-11T04:08:45.852Z] [PASS] AI Scanner - AI Species Recognition - Sample 5 (0ms)
[2026-08-11T04:08:45.852Z] [PASS] AI Scanner - AI Species Recognition - Sample 6 (0ms)
[2026-08-11T04:08:45.852Z] [PASS] AI Scanner - AI Species Recognition - Sample 7 (0ms)
[2026-08-11T04:08:45.852Z] [PASS] AI Scanner - AI Species Recognition - Sample 8 (0ms)
[2026-08-11T04:08:45.852Z] [PASS] AI Scanner - AI Species Recognition - Sample 9 (0ms)
[2026-08-11T04:08:45.852Z] [PASS] AI Scanner - AI Species Recognition - Sample 10 (0ms)
[2026-08-11T04:08:45.852Z] [PASS] AI Scanner - AI Species Recognition - Sample 11 (0ms)
[2026-08-11T04:08:45.852Z] [PASS] AI Scanner - AI Species Recognition - Sample 12 (0ms)
[2026-08-11T04:08:45.852Z] [PASS] AI Scanner - AI Species Recognition - Sample 13 (0ms)
[2026-08-11T04:08:45.852Z] [PASS] AI Scanner - AI Species Recognition - Sample 14 (0ms)
[2026-08-11T04:08:45.852Z] [PASS] AI Scanner - AI Species Recognition - Sample 15 (0ms)
[2026-08-11T04:08:45.852Z] [PASS] AI Scanner - AI Species Recognition - Sample 16 (0ms)
[2026-08-11T04:08:45.852Z] [PASS] AI Scanner - AI Species Recognition - Sample 17 (0ms)
[2026-08-11T04:08:45.852Z] [PASS] AI Scanner - AI Species Recognition - Sample 18 (0ms)
[2026-08-11T04:08:45.853Z] [PASS] AI Scanner - AI Species Recognition - Sample 19 (0ms)
[2026-08-11T04:08:45.853Z] [PASS] AI Scanner - AI Species Recognition - Sample 20 (0ms)
[2026-08-11T04:08:45.853Z] [PASS] AI Scanner - AI Species Recognition - Sample 21 (0ms)
[2026-08-11T04:08:45.853Z] [PASS] AI Scanner - AI Species Recognition - Sample 22 (0ms)
[2026-08-11T04:08:45.853Z] [PASS] AI Scanner - AI Species Recognition - Sample 23 (0ms)
[2026-08-11T04:08:45.853Z] [PASS] AI Scanner - AI Species Recognition - Sample 24 (0ms)
[2026-08-11T04:08:45.853Z] [PASS] AI Scanner - AI Species Recognition - Sample 25 (0ms)
[2026-08-11T04:08:45.853Z] [PASS] AI Scanner - AI Species Recognition - Sample 26 (0ms)
[2026-08-11T04:08:45.853Z] [PASS] AI Scanner - AI Species Recognition - Sample 27 (0ms)
[2026-08-11T04:08:45.853Z] [PASS] AI Scanner - AI Species Recognition - Sample 28 (0ms)
[2026-08-11T04:08:45.853Z] [PASS] AI Scanner - AI Species Recognition - Sample 29 (0ms)
[2026-08-11T04:08:45.853Z] [PASS] AI Scanner - AI Species Recognition - Sample 30 (0ms)
[2026-08-11T04:08:45.893Z] [PASS] AI Scanner - AI Species Recognition - Sample 31 (0ms)
[2026-08-11T04:08:45.895Z] [PASS] AI Scanner - AI Species Recognition - Sample 32 (0ms)
[2026-08-11T04:08:45.895Z] [PASS] AI Scanner - AI Species Recognition - Sample 33 (0ms)
[2026-08-11T04:08:45.895Z] [PASS] AI Scanner - AI Species Recognition - Sample 34 (0ms)
[2026-08-11T04:08:45.895Z] [PASS] AI Scanner - AI Species Recognition - Sample 35 (0ms)
[2026-08-11T04:08:45.895Z] [PASS] AI Scanner - AI Species Recognition - Sample 36 (0ms)
[2026-08-11T04:08:45.896Z] [PASS] AI Scanner - AI Species Recognition - Sample 37 (0ms)
[2026-08-11T04:08:45.896Z] [PASS] AI Scanner - AI Species Recognition - Sample 38 (0ms)
[2026-08-11T04:08:45.896Z] [PASS] AI Scanner - AI Species Recognition - Sample 39 (0ms)
[2026-08-11T04:08:45.896Z] [PASS] AI Scanner - AI Species Recognition - Sample 40 (0ms)
[2026-08-11T04:08:45.896Z] [PASS] AI Scanner - AI Species Recognition - Sample 41 (0ms)
[2026-08-11T04:08:45.896Z] [PASS] AI Scanner - AI Species Recognition - Sample 42 (0ms)
[2026-08-11T04:08:45.896Z] [PASS] AI Scanner - AI Species Recognition - Sample 43 (0ms)
[2026-08-11T04:08:45.896Z] [PASS] AI Scanner - AI Species Recognition - Sample 44 (0ms)
[2026-08-11T04:08:45.896Z] [PASS] AI Scanner - AI Species Recognition - Sample 45 (0ms)
[2026-08-11T04:08:45.897Z] [PASS] AI Scanner - AI Species Recognition - Sample 46 (0ms)
[2026-08-11T04:08:45.897Z] [PASS] AI Scanner - AI Species Recognition - Sample 47 (0ms)
[2026-08-11T04:08:45.897Z] [PASS] AI Scanner - AI Species Recognition - Sample 48 (0ms)
[2026-08-11T04:08:45.897Z] [PASS] AI Scanner - AI Species Recognition - Sample 49 (0ms)
[2026-08-11T04:08:45.897Z] [PASS] AI Scanner - AI Species Recognition - Sample 50 (0ms)
[2026-08-11T04:08:45.897Z] [PASS] Marketplace - Marketplace Transaction Flow - Item 1 (0ms)
[2026-08-11T04:08:45.897Z] [PASS] Marketplace - Marketplace Transaction Flow - Item 2 (0ms)
[2026-08-11T04:08:45.897Z] [PASS] Marketplace - Marketplace Transaction Flow - Item 3 (0ms)
[2026-08-11T04:08:45.897Z] [PASS] Marketplace - Marketplace Transaction Flow - Item 4 (0ms)
[2026-08-11T04:08:45.897Z] [PASS] Marketplace - Marketplace Transaction Flow - Item 5 (0ms)
[2026-08-11T04:08:45.897Z] [PASS] Marketplace - Marketplace Transaction Flow - Item 6 (0ms)
[2026-08-11T04:08:45.897Z] [PASS] Marketplace - Marketplace Transaction Flow - Item 7 (0ms)
[2026-08-11T04:08:45.897Z] [PASS] Marketplace - Marketplace Transaction Flow - Item 8 (0ms)
[2026-08-11T04:08:45.897Z] [PASS] Marketplace - Marketplace Transaction Flow - Item 9 (0ms)
[2026-08-11T04:08:45.897Z] [PASS] Marketplace - Marketplace Transaction Flow - Item 10 (0ms)
[2026-08-11T04:08:45.898Z] [PASS] Marketplace - Marketplace Transaction Flow - Item 11 (0ms)
[2026-08-11T04:08:45.898Z] [PASS] Marketplace - Marketplace Transaction Flow - Item 12 (0ms)
[2026-08-11T04:08:45.898Z] [PASS] Marketplace - Marketplace Transaction Flow - Item 13 (0ms)
[2026-08-11T04:08:45.898Z] [PASS] Marketplace - Marketplace Transaction Flow - Item 14 (0ms)
[2026-08-11T04:08:45.898Z] [PASS] Marketplace - Marketplace Transaction Flow - Item 15 (0ms)
[2026-08-11T04:08:45.898Z] [PASS] Marketplace - Marketplace Transaction Flow - Item 16 (0ms)
[2026-08-11T04:08:45.898Z] [PASS] Marketplace - Marketplace Transaction Flow - Item 17 (0ms)
[2026-08-11T04:08:45.898Z] [PASS] Marketplace - Marketplace Transaction Flow - Item 18 (0ms)
[2026-08-11T04:08:45.898Z] [PASS] Marketplace - Marketplace Transaction Flow - Item 19 (0ms)
[2026-08-11T04:08:45.898Z] [PASS] Marketplace - Marketplace Transaction Flow - Item 20 (0ms)
[2026-08-11T04:08:45.898Z] [PASS] Marketplace - Marketplace Transaction Flow - Item 21 (0ms)
[2026-08-11T04:08:45.898Z] [PASS] Marketplace - Marketplace Transaction Flow - Item 22 (0ms)
[2026-08-11T04:08:45.898Z] [PASS] Marketplace - Marketplace Transaction Flow - Item 23 (0ms)
[2026-08-11T04:08:45.898Z] [PASS] Marketplace - Marketplace Transaction Flow - Item 24 (0ms)
[2026-08-11T04:08:45.898Z] [PASS] Marketplace - Marketplace Transaction Flow - Item 25 (0ms)
[2026-08-11T04:08:45.898Z] [PASS] Marketplace - Marketplace Transaction Flow - Item 26 (0ms)
[2026-08-11T04:08:45.899Z] [PASS] Marketplace - Marketplace Transaction Flow - Item 27 (0ms)
[2026-08-11T04:08:45.899Z] [PASS] Marketplace - Marketplace Transaction Flow - Item 28 (0ms)
[2026-08-11T04:08:45.899Z] [PASS] Marketplace - Marketplace Transaction Flow - Item 29 (0ms)
[2026-08-11T04:08:45.899Z] [PASS] Marketplace - Marketplace Transaction Flow - Item 30 (0ms)
[2026-08-11T04:08:45.899Z] [PASS] Marketplace - Marketplace Transaction Flow - Item 31 (0ms)
[2026-08-11T04:08:45.899Z] [PASS] Marketplace - Marketplace Transaction Flow - Item 32 (0ms)
[2026-08-11T04:08:45.899Z] [PASS] Marketplace - Marketplace Transaction Flow - Item 33 (0ms)
[2026-08-11T04:08:45.899Z] [PASS] Marketplace - Marketplace Transaction Flow - Item 34 (0ms)
[2026-08-11T04:08:45.899Z] [PASS] Marketplace - Marketplace Transaction Flow - Item 35 (0ms)
[2026-08-11T04:08:45.899Z] [PASS] Marketplace - Marketplace Transaction Flow - Item 36 (0ms)
[2026-08-11T04:08:45.899Z] [PASS] Marketplace - Marketplace Transaction Flow - Item 37 (0ms)
[2026-08-11T04:08:45.899Z] [PASS] Marketplace - Marketplace Transaction Flow - Item 38 (0ms)
[2026-08-11T04:08:45.899Z] [PASS] Marketplace - Marketplace Transaction Flow - Item 39 (0ms)
[2026-08-11T04:08:45.899Z] [PASS] Marketplace - Marketplace Transaction Flow - Item 40 (0ms)
[2026-08-11T04:08:45.899Z] [PASS] Marketplace - Marketplace Transaction Flow - Item 41 (0ms)
[2026-08-11T04:08:45.899Z] [PASS] Marketplace - Marketplace Transaction Flow - Item 42 (0ms)
[2026-08-11T04:08:45.899Z] [PASS] Marketplace - Marketplace Transaction Flow - Item 43 (0ms)
[2026-08-11T04:08:45.899Z] [PASS] Marketplace - Marketplace Transaction Flow - Item 44 (0ms)
[2026-08-11T04:08:45.900Z] [PASS] Marketplace - Marketplace Transaction Flow - Item 45 (0ms)
[2026-08-11T04:08:45.900Z] [PASS] Marketplace - Marketplace Transaction Flow - Item 46 (0ms)
[2026-08-11T04:08:45.900Z] [PASS] Marketplace - Marketplace Transaction Flow - Item 47 (0ms)
[2026-08-11T04:08:45.900Z] [PASS] Marketplace - Marketplace Transaction Flow - Item 48 (0ms)
[2026-08-11T04:08:45.900Z] [PASS] Marketplace - Marketplace Transaction Flow - Item 49 (0ms)
[2026-08-11T04:08:45.900Z] [PASS] Marketplace - Marketplace Transaction Flow - Item 50 (0ms)
[2026-08-11T04:08:45.900Z] [PASS] Accessibility - Aria-Label Validation at 80% Zoom (0ms)
[2026-08-11T04:08:45.900Z] [PASS] Accessibility - Color Contrast Check at 80% Zoom (0ms)
[2026-08-11T04:08:45.900Z] [PASS] Accessibility - Aria-Label Validation at 100% Zoom (0ms)
[2026-08-11T04:08:45.900Z] [PASS] Accessibility - Color Contrast Check at 100% Zoom (0ms)
[2026-08-11T04:08:45.900Z] [PASS] Accessibility - Aria-Label Validation at 120% Zoom (0ms)
[2026-08-11T04:08:45.900Z] [PASS] Accessibility - Color Contrast Check at 120% Zoom (0ms)
[2026-08-11T04:08:45.900Z] [PASS] Accessibility - Aria-Label Validation at 150% Zoom (0ms)
[2026-08-11T04:08:45.900Z] [PASS] Accessibility - Color Contrast Check at 150% Zoom (0ms)
[2026-08-11T04:08:45.901Z] [PASS] Navigation - Keyboard Navigation Sequence Step 1 (0ms)
[2026-08-11T04:08:45.901Z] [PASS] Navigation - Keyboard Navigation Sequence Step 2 (0ms)
[2026-08-11T04:08:45.901Z] [PASS] Navigation - Keyboard Navigation Sequence Step 3 (0ms)
[2026-08-11T04:08:45.901Z] [PASS] Navigation - Keyboard Navigation Sequence Step 4 (0ms)
[2026-08-11T04:08:45.901Z] [PASS] Navigation - Keyboard Navigation Sequence Step 5 (0ms)
[2026-08-11T04:08:45.901Z] [PASS] Navigation - Keyboard Navigation Sequence Step 6 (0ms)
[2026-08-11T04:08:45.901Z] [PASS] Navigation - Keyboard Navigation Sequence Step 7 (0ms)
[2026-08-11T04:08:45.901Z] [PASS] Navigation - Keyboard Navigation Sequence Step 8 (0ms)
[2026-08-11T04:08:45.901Z] [PASS] Navigation - Keyboard Navigation Sequence Step 9 (0ms)
[2026-08-11T04:08:45.901Z] [PASS] Navigation - Keyboard Navigation Sequence Step 10 (0ms)
[2026-08-11T04:08:45.901Z] [PASS] Navigation - Keyboard Navigation Sequence Step 11 (0ms)
[2026-08-11T04:08:45.901Z] [PASS] Navigation - Keyboard Navigation Sequence Step 12 (0ms)
[2026-08-11T04:08:45.901Z] [PASS] Navigation - Keyboard Navigation Sequence Step 13 (0ms)
[2026-08-11T04:08:45.902Z] [PASS] Navigation - Keyboard Navigation Sequence Step 14 (0ms)
[2026-08-11T04:08:45.902Z] [PASS] Navigation - Keyboard Navigation Sequence Step 15 (0ms)
[2026-08-11T04:08:45.902Z] [PASS] Navigation - Keyboard Navigation Sequence Step 16 (0ms)
[2026-08-11T04:08:45.902Z] [PASS] Navigation - Keyboard Navigation Sequence Step 17 (0ms)
[2026-08-11T04:08:45.902Z] [PASS] Navigation - Keyboard Navigation Sequence Step 18 (0ms)
[2026-08-11T04:08:45.902Z] [PASS] Navigation - Keyboard Navigation Sequence Step 19 (0ms)
[2026-08-11T04:08:45.902Z] [PASS] Navigation - Keyboard Navigation Sequence Step 20 (0ms)
[2026-08-11T04:08:45.902Z] [PASS] Navigation - Keyboard Navigation Sequence Step 21 (0ms)
[2026-08-11T04:08:45.902Z] [PASS] Navigation - Keyboard Navigation Sequence Step 22 (0ms)
[2026-08-11T04:08:45.902Z] [PASS] Navigation - Keyboard Navigation Sequence Step 23 (0ms)
[2026-08-11T04:08:45.902Z] [PASS] Navigation - Keyboard Navigation Sequence Step 24 (0ms)
[2026-08-11T04:08:45.902Z] [PASS] Navigation - Keyboard Navigation Sequence Step 25 (0ms)
[2026-08-11T04:08:45.902Z] [PASS] Navigation - Keyboard Navigation Sequence Step 26 (0ms)
[2026-08-11T04:08:45.902Z] [PASS] Navigation - Keyboard Navigation Sequence Step 27 (0ms)
[2026-08-11T04:08:45.902Z] [PASS] Navigation - Keyboard Navigation Sequence Step 28 (0ms)
[2026-08-11T04:08:45.902Z] [PASS] Navigation - Keyboard Navigation Sequence Step 29 (0ms)
[2026-08-11T04:08:45.903Z] [PASS] Navigation - Keyboard Navigation Sequence Step 30 (0ms)
[2026-08-11T04:08:45.903Z] [PASS] Navigation - Keyboard Navigation Sequence Step 31 (0ms)
[2026-08-11T04:08:45.903Z] [PASS] Navigation - Keyboard Navigation Sequence Step 32 (0ms)
[2026-08-11T04:08:45.903Z] [PASS] Navigation - Keyboard Navigation Sequence Step 33 (0ms)
[2026-08-11T04:08:45.903Z] [PASS] Navigation - Keyboard Navigation Sequence Step 34 (0ms)
[2026-08-11T04:08:45.903Z] [PASS] Navigation - Keyboard Navigation Sequence Step 35 (0ms)
[2026-08-11T04:08:45.903Z] [PASS] Navigation - Keyboard Navigation Sequence Step 36 (0ms)
[2026-08-11T04:08:45.903Z] [PASS] Navigation - Keyboard Navigation Sequence Step 37 (0ms)
[2026-08-11T04:08:45.903Z] [PASS] Navigation - Keyboard Navigation Sequence Step 38 (0ms)
[2026-08-11T04:08:45.903Z] [PASS] Navigation - Keyboard Navigation Sequence Step 39 (0ms)
[2026-08-11T04:08:45.903Z] [PASS] Navigation - Keyboard Navigation Sequence Step 40 (0ms)
[2026-08-11T04:08:45.903Z] [PASS] Navigation - Keyboard Navigation Sequence Step 41 (0ms)
[2026-08-11T04:08:45.903Z] [PASS] Navigation - Keyboard Navigation Sequence Step 42 (0ms)
[2026-08-11T04:08:45.903Z] [PASS] Navigation - Keyboard Navigation Sequence Step 43 (0ms)
[2026-08-11T04:08:45.903Z] [PASS] Navigation - Keyboard Navigation Sequence Step 44 (0ms)
[2026-08-11T04:08:45.903Z] [PASS] Navigation - Keyboard Navigation Sequence Step 45 (0ms)
[2026-08-11T04:08:45.903Z] [PASS] Navigation - Keyboard Navigation Sequence Step 46 (0ms)
[2026-08-11T04:08:45.903Z] [PASS] Navigation - Keyboard Navigation Sequence Step 47 (0ms)
[2026-08-11T04:08:45.904Z] [PASS] Navigation - Keyboard Navigation Sequence Step 48 (0ms)
[2026-08-11T04:08:45.904Z] [PASS] Navigation - Keyboard Navigation Sequence Step 49 (0ms)
[2026-08-11T04:08:45.904Z] [PASS] Navigation - Keyboard Navigation Sequence Step 50 (0ms)
[2026-08-11T04:08:45.904Z] [PASS] Navigation - Keyboard Navigation Sequence Step 51 (0ms)
[2026-08-11T04:08:45.904Z] [PASS] Navigation - Keyboard Navigation Sequence Step 52 (0ms)
[2026-08-11T04:08:45.904Z] [PASS] Navigation - Keyboard Navigation Sequence Step 53 (0ms)
[2026-08-11T04:08:45.904Z] [PASS] Navigation - Keyboard Navigation Sequence Step 54 (0ms)
[2026-08-11T04:08:45.904Z] [PASS] Navigation - Keyboard Navigation Sequence Step 55 (0ms)
[2026-08-11T04:08:45.904Z] [PASS] Navigation - Keyboard Navigation Sequence Step 56 (0ms)
[2026-08-11T04:08:45.904Z] [PASS] Navigation - Keyboard Navigation Sequence Step 57 (0ms)
[2026-08-11T04:08:45.904Z] [PASS] Navigation - Keyboard Navigation Sequence Step 58 (0ms)
[2026-08-11T04:08:45.904Z] [PASS] Navigation - Keyboard Navigation Sequence Step 59 (0ms)
[2026-08-11T04:08:45.904Z] [PASS] Navigation - Keyboard Navigation Sequence Step 60 (0ms)
[2026-08-11T04:08:45.904Z] [PASS] Navigation - Keyboard Navigation Sequence Step 61 (0ms)
[2026-08-11T04:08:45.904Z] [PASS] Navigation - Keyboard Navigation Sequence Step 62 (0ms)
[2026-08-11T04:08:45.904Z] [PASS] Navigation - Keyboard Navigation Sequence Step 63 (0ms)
[2026-08-11T04:08:45.904Z] [PASS] Navigation - Keyboard Navigation Sequence Step 64 (0ms)
[2026-08-11T04:08:45.904Z] [PASS] Navigation - Keyboard Navigation Sequence Step 65 (0ms)
[2026-08-11T04:08:45.905Z] [PASS] Navigation - Keyboard Navigation Sequence Step 66 (0ms)
[2026-08-11T04:08:45.905Z] [PASS] Navigation - Keyboard Navigation Sequence Step 67 (0ms)
[2026-08-11T04:08:45.905Z] [PASS] Navigation - Keyboard Navigation Sequence Step 68 (0ms)
[2026-08-11T04:08:45.905Z] [PASS] Navigation - Keyboard Navigation Sequence Step 69 (0ms)
[2026-08-11T04:08:45.905Z] [PASS] Navigation - Keyboard Navigation Sequence Step 70 (0ms)
[2026-08-11T04:08:45.905Z] [PASS] Navigation - Keyboard Navigation Sequence Step 71 (0ms)
[2026-08-11T04:08:45.905Z] [PASS] Navigation - Keyboard Navigation Sequence Step 72 (0ms)
[2026-08-11T04:08:45.905Z] [PASS] Navigation - Keyboard Navigation Sequence Step 73 (0ms)
[2026-08-11T04:08:45.905Z] [PASS] Navigation - Keyboard Navigation Sequence Step 74 (0ms)
[2026-08-11T04:08:45.905Z] [PASS] Navigation - Keyboard Navigation Sequence Step 75 (0ms)
[2026-08-11T04:08:45.905Z] [PASS] Navigation - Keyboard Navigation Sequence Step 76 (0ms)
[2026-08-11T04:08:45.905Z] [PASS] Navigation - Keyboard Navigation Sequence Step 77 (0ms)
[2026-08-11T04:08:45.905Z] [PASS] Navigation - Keyboard Navigation Sequence Step 78 (0ms)
[2026-08-11T04:08:45.905Z] [PASS] Navigation - Keyboard Navigation Sequence Step 79 (0ms)
[2026-08-11T04:08:45.905Z] [PASS] Navigation - Keyboard Navigation Sequence Step 80 (0ms)
[2026-08-11T04:08:45.905Z] [PASS] Navigation - Keyboard Navigation Sequence Step 81 (0ms)
[2026-08-11T04:08:45.905Z] [PASS] Navigation - Keyboard Navigation Sequence Step 82 (0ms)
[2026-08-11T04:08:45.906Z] [PASS] Navigation - Keyboard Navigation Sequence Step 83 (0ms)
[2026-08-11T04:08:45.906Z] [PASS] Navigation - Keyboard Navigation Sequence Step 84 (0ms)
[2026-08-11T04:08:45.906Z] [PASS] Navigation - Keyboard Navigation Sequence Step 85 (0ms)
[2026-08-11T04:08:45.906Z] [PASS] Navigation - Keyboard Navigation Sequence Step 86 (0ms)
[2026-08-11T04:08:45.906Z] [PASS] Navigation - Keyboard Navigation Sequence Step 87 (0ms)
[2026-08-11T04:08:45.906Z] [PASS] Navigation - Keyboard Navigation Sequence Step 88 (0ms)
[2026-08-11T04:08:45.906Z] [PASS] Navigation - Keyboard Navigation Sequence Step 89 (0ms)
[2026-08-11T04:08:45.906Z] [PASS] Navigation - Keyboard Navigation Sequence Step 90 (0ms)
[2026-08-11T04:08:45.906Z] [PASS] Navigation - Keyboard Navigation Sequence Step 91 (0ms)
[2026-08-11T04:08:45.906Z] [PASS] Navigation - Keyboard Navigation Sequence Step 92 (0ms)
[2026-08-11T04:08:45.906Z] [PASS] Navigation - Keyboard Navigation Sequence Step 93 (0ms)
[2026-08-11T04:08:45.906Z] [PASS] Navigation - Keyboard Navigation Sequence Step 94 (0ms)
[2026-08-11T04:08:45.906Z] [PASS] Navigation - Keyboard Navigation Sequence Step 95 (0ms)
[2026-08-11T04:08:45.906Z] [PASS] Navigation - Keyboard Navigation Sequence Step 96 (0ms)
[2026-08-11T04:08:45.906Z] [PASS] Navigation - Keyboard Navigation Sequence Step 97 (0ms)
[2026-08-11T04:08:45.906Z] [PASS] Navigation - Keyboard Navigation Sequence Step 98 (0ms)
[2026-08-11T04:08:45.906Z] [PASS] Navigation - Keyboard Navigation Sequence Step 99 (0ms)
[2026-08-11T04:08:45.906Z] [PASS] Navigation - Keyboard Navigation Sequence Step 100 (0ms)
[2026-08-11T04:08:45.907Z] [PASS] Accessibility - Keyboard Tab Focus Sequence 0 (0ms)
[2026-08-11T04:08:45.907Z] [PASS] Accessibility - Keyboard Tab Focus Sequence 1 (0ms)
[2026-08-11T04:08:45.907Z] [PASS] Accessibility - Keyboard Tab Focus Sequence 2 (0ms)
[2026-08-11T04:08:45.907Z] [PASS] Accessibility - Keyboard Tab Focus Sequence 3 (0ms)
[2026-08-11T04:08:45.907Z] [PASS] Accessibility - Keyboard Tab Focus Sequence 4 (0ms)
[2026-08-11T04:08:45.907Z] [PASS] Accessibility - Keyboard Tab Focus Sequence 5 (0ms)
[2026-08-11T04:08:45.907Z] [PASS] Accessibility - Keyboard Tab Focus Sequence 6 (0ms)
[2026-08-11T04:08:45.907Z] [PASS] Accessibility - Keyboard Tab Focus Sequence 7 (0ms)
[2026-08-11T04:08:45.907Z] [PASS] Accessibility - Keyboard Tab Focus Sequence 8 (0ms)
[2026-08-11T04:08:45.907Z] [PASS] Accessibility - Keyboard Tab Focus Sequence 9 (0ms)
[2026-08-11T04:08:45.907Z] [PASS] Accessibility - Keyboard Tab Focus Sequence 10 (0ms)
[2026-08-11T04:08:45.907Z] [PASS] Accessibility - Keyboard Tab Focus Sequence 11 (0ms)
[2026-08-11T04:08:45.907Z] [PASS] Accessibility - Keyboard Tab Focus Sequence 12 (0ms)
[2026-08-11T04:08:45.907Z] [PASS] Accessibility - Keyboard Tab Focus Sequence 13 (0ms)
[2026-08-11T04:08:45.908Z] [PASS] Accessibility - Keyboard Tab Focus Sequence 14 (0ms)
[2026-08-11T04:08:45.908Z] [PASS] Accessibility - Keyboard Tab Focus Sequence 15 (0ms)
[2026-08-11T04:08:45.908Z] [PASS] Accessibility - Keyboard Tab Focus Sequence 16 (0ms)
[2026-08-11T04:08:45.908Z] [PASS] Accessibility - Keyboard Tab Focus Sequence 17 (0ms)
[2026-08-11T04:08:45.908Z] [PASS] Accessibility - Keyboard Tab Focus Sequence 18 (0ms)
[2026-08-11T04:08:45.908Z] [PASS] Accessibility - Keyboard Tab Focus Sequence 19 (0ms)
[2026-08-11T04:08:45.908Z] [PASS] Accessibility - Keyboard Tab Focus Sequence 20 (0ms)
[2026-08-11T04:08:45.908Z] [PASS] Accessibility - Keyboard Tab Focus Sequence 21 (0ms)
[2026-08-11T04:08:45.908Z] [PASS] Accessibility - Keyboard Tab Focus Sequence 22 (0ms)
[2026-08-11T04:08:45.908Z] [PASS] Accessibility - Keyboard Tab Focus Sequence 23 (0ms)
[2026-08-11T04:08:45.908Z] [PASS] Accessibility - Keyboard Tab Focus Sequence 24 (0ms)
[2026-08-11T04:08:45.908Z] [PASS] Accessibility - Keyboard Tab Focus Sequence 25 (0ms)
[2026-08-11T04:08:45.908Z] [PASS] Accessibility - Keyboard Tab Focus Sequence 26 (0ms)
[2026-08-11T04:08:45.908Z] [PASS] Accessibility - Keyboard Tab Focus Sequence 27 (0ms)
[2026-08-11T04:08:45.908Z] [PASS] Accessibility - Keyboard Tab Focus Sequence 28 (0ms)
[2026-08-11T04:08:45.909Z] [PASS] Accessibility - Keyboard Tab Focus Sequence 29 (0ms)
[2026-08-11T04:08:45.909Z] [PASS] Error Handling - Verify Error State Handling 0 (0ms)
[2026-08-11T04:08:45.909Z] [PASS] Error Handling - Verify Error State Handling 1 (0ms)
[2026-08-11T04:08:45.909Z] [PASS] Error Handling - Verify Error State Handling 2 (0ms)
[2026-08-11T04:08:45.909Z] [PASS] Error Handling - Verify Error State Handling 3 (0ms)
[2026-08-11T04:08:45.909Z] [PASS] Error Handling - Verify Error State Handling 4 (0ms)
[2026-08-11T04:08:45.909Z] [PASS] Error Handling - Verify Error State Handling 5 (0ms)
[2026-08-11T04:08:45.909Z] [PASS] Error Handling - Verify Error State Handling 6 (0ms)
[2026-08-11T04:08:45.909Z] [PASS] Error Handling - Verify Error State Handling 7 (0ms)
[2026-08-11T04:08:45.909Z] [PASS] Error Handling - Verify Error State Handling 8 (0ms)
[2026-08-11T04:08:45.909Z] [PASS] Error Handling - Verify Error State Handling 9 (0ms)
[2026-08-11T04:08:45.909Z] [PASS] Error Handling - Verify Error State Handling 10 (0ms)
[2026-08-11T04:08:45.909Z] [PASS] Error Handling - Verify Error State Handling 11 (0ms)
[2026-08-11T04:08:45.909Z] [PASS] Error Handling - Verify Error State Handling 12 (0ms)
[2026-08-11T04:08:45.909Z] [PASS] Error Handling - Verify Error State Handling 13 (0ms)
[2026-08-11T04:08:45.909Z] [PASS] Error Handling - Verify Error State Handling 14 (0ms)
[2026-08-11T04:08:45.909Z] [PASS] Error Handling - Verify Error State Handling 15 (0ms)
[2026-08-11T04:08:45.910Z] [PASS] Error Handling - Verify Error State Handling 16 (0ms)
[2026-08-11T04:08:45.910Z] [PASS] Error Handling - Verify Error State Handling 17 (0ms)
[2026-08-11T04:08:45.910Z] [PASS] Error Handling - Verify Error State Handling 18 (0ms)
[2026-08-11T04:08:45.910Z] [PASS] Error Handling - Verify Error State Handling 19 (0ms)
[2026-08-11T04:08:45.910Z] [PASS] Error Handling - Verify Error State Handling 20 (0ms)
[2026-08-11T04:08:45.910Z] [PASS] Error Handling - Verify Error State Handling 21 (0ms)
[2026-08-11T04:08:45.910Z] [PASS] Error Handling - Verify Error State Handling 22 (0ms)
[2026-08-11T04:08:45.910Z] [PASS] Error Handling - Verify Error State Handling 23 (0ms)
[2026-08-11T04:08:45.910Z] [PASS] Error Handling - Verify Error State Handling 24 (0ms)
[2026-08-11T04:08:45.910Z] [PASS] Error Handling - Verify Error State Handling 25 (0ms)
[2026-08-11T04:08:45.910Z] [PASS] Error Handling - Verify Error State Handling 26 (0ms)
[2026-08-11T04:08:45.910Z] [PASS] Error Handling - Verify Error State Handling 27 (0ms)
[2026-08-11T04:08:45.910Z] [PASS] Error Handling - Verify Error State Handling 28 (0ms)
[2026-08-11T04:08:45.910Z] [PASS] Error Handling - Verify Error State Handling 29 (0ms)
[2026-08-11T04:08:45.911Z] [PASS] Security - Verify Security Header: Content-Security-Policy (0ms)
[2026-08-11T04:08:45.911Z] [PASS] Security - Verify Security Header: X-Frame-Options (0ms)
[2026-08-11T04:08:45.911Z] [PASS] Security - Verify Security Header: X-Content-Type-Options (0ms)
[2026-08-11T04:08:45.911Z] [PASS] Security - Verify Security Header: Strict-Transport-Security (0ms)
[2026-08-11T04:08:45.912Z] [PASS] Security - XSS Sanitization: Script Injection Variant 1 (0ms)
[2026-08-11T04:08:45.912Z] [PASS] Security - XSS Sanitization: Script Injection Variant 2 (0ms)
[2026-08-11T04:08:45.912Z] [PASS] Security - XSS Sanitization: Script Injection Variant 3 (0ms)
[2026-08-11T04:08:45.912Z] [PASS] Security - XSS Sanitization: Script Injection Variant 4 (0ms)
[2026-08-11T04:08:45.912Z] [PASS] Security - XSS Sanitization: Script Injection Variant 5 (0ms)
[2026-08-11T04:08:45.912Z] [PASS] Security - XSS Sanitization: Script Injection Variant 6 (0ms)
[2026-08-11T04:08:45.912Z] [PASS] Security - XSS Sanitization: Script Injection Variant 7 (0ms)
[2026-08-11T04:08:45.912Z] [PASS] Security - XSS Sanitization: Script Injection Variant 8 (0ms)
[2026-08-11T04:08:45.912Z] [PASS] Security - XSS Sanitization: Script Injection Variant 9 (0ms)
[2026-08-11T04:08:45.912Z] [PASS] Security - XSS Sanitization: Script Injection Variant 10 (0ms)
[2026-08-11T04:08:45.912Z] [PASS] Security - XSS Sanitization: Script Injection Variant 11 (0ms)
[2026-08-11T04:08:45.912Z] [PASS] Security - XSS Sanitization: Script Injection Variant 12 (0ms)
[2026-08-11T04:08:45.912Z] [PASS] Security - XSS Sanitization: Script Injection Variant 13 (0ms)
[2026-08-11T04:08:45.912Z] [PASS] Security - XSS Sanitization: Script Injection Variant 14 (0ms)
[2026-08-11T04:08:45.912Z] [PASS] Security - XSS Sanitization: Script Injection Variant 15 (0ms)
[2026-08-11T04:08:45.913Z] [PASS] Security - XSS Sanitization: Script Injection Variant 16 (0ms)
[2026-08-11T04:08:45.913Z] [PASS] Security - XSS Sanitization: Script Injection Variant 17 (0ms)
[2026-08-11T04:08:45.914Z] [PASS] Security - XSS Sanitization: Script Injection Variant 18 (0ms)
[2026-08-11T04:08:45.914Z] [PASS] Security - XSS Sanitization: Script Injection Variant 19 (0ms)
[2026-08-11T04:08:45.914Z] [PASS] Security - XSS Sanitization: Script Injection Variant 20 (0ms)
[2026-08-11T04:08:45.914Z] [PASS] Security - XSS Sanitization: Img OnError Variant 1 (0ms)
[2026-08-11T04:08:45.914Z] [PASS] Security - XSS Sanitization: Img OnError Variant 2 (0ms)
[2026-08-11T04:08:45.914Z] [PASS] Security - XSS Sanitization: Img OnError Variant 3 (0ms)
[2026-08-11T04:08:45.914Z] [PASS] Security - XSS Sanitization: Img OnError Variant 4 (0ms)
[2026-08-11T04:08:45.914Z] [PASS] Security - XSS Sanitization: Img OnError Variant 5 (0ms)
[2026-08-11T04:08:45.914Z] [PASS] Security - XSS Sanitization: Img OnError Variant 6 (0ms)
[2026-08-11T04:08:45.914Z] [PASS] Security - XSS Sanitization: Img OnError Variant 7 (0ms)
[2026-08-11T04:08:45.914Z] [PASS] Security - XSS Sanitization: Img OnError Variant 8 (0ms)
[2026-08-11T04:08:45.914Z] [PASS] Security - XSS Sanitization: Img OnError Variant 9 (0ms)
[2026-08-11T04:08:45.915Z] [PASS] Security - XSS Sanitization: Img OnError Variant 10 (0ms)
[2026-08-11T04:08:45.915Z] [PASS] Security - XSS Sanitization: Img OnError Variant 11 (0ms)
[2026-08-11T04:08:45.915Z] [PASS] Security - XSS Sanitization: Img OnError Variant 12 (0ms)
[2026-08-11T04:08:45.915Z] [PASS] Security - XSS Sanitization: Img OnError Variant 13 (0ms)
[2026-08-11T04:08:45.915Z] [PASS] Security - XSS Sanitization: Img OnError Variant 14 (0ms)
[2026-08-11T04:08:45.915Z] [PASS] Security - XSS Sanitization: Img OnError Variant 15 (0ms)
[2026-08-11T04:08:45.915Z] [PASS] Security - XSS Sanitization: Img OnError Variant 16 (0ms)
[2026-08-11T04:08:45.915Z] [PASS] Security - XSS Sanitization: Img OnError Variant 17 (0ms)
[2026-08-11T04:08:45.915Z] [PASS] Security - XSS Sanitization: Img OnError Variant 18 (0ms)
[2026-08-11T04:08:45.915Z] [PASS] Security - XSS Sanitization: Img OnError Variant 19 (0ms)
[2026-08-11T04:08:45.915Z] [PASS] Security - XSS Sanitization: Img OnError Variant 20 (0ms)
[2026-08-11T04:08:45.915Z] [PASS] Security - XSS Sanitization: SVG Payload Variant 1 (0ms)
[2026-08-11T04:08:45.915Z] [PASS] Security - XSS Sanitization: SVG Payload Variant 2 (0ms)
[2026-08-11T04:08:45.915Z] [PASS] Security - XSS Sanitization: SVG Payload Variant 3 (0ms)
[2026-08-11T04:08:45.915Z] [PASS] Security - XSS Sanitization: SVG Payload Variant 4 (0ms)
[2026-08-11T04:08:45.916Z] [PASS] Security - XSS Sanitization: SVG Payload Variant 5 (0ms)
[2026-08-11T04:08:45.916Z] [PASS] Security - XSS Sanitization: SVG Payload Variant 6 (0ms)
[2026-08-11T04:08:45.916Z] [PASS] Security - XSS Sanitization: SVG Payload Variant 7 (0ms)
[2026-08-11T04:08:45.916Z] [PASS] Security - XSS Sanitization: SVG Payload Variant 8 (0ms)
[2026-08-11T04:08:45.916Z] [PASS] Security - XSS Sanitization: SVG Payload Variant 9 (0ms)
[2026-08-11T04:08:45.916Z] [PASS] Security - XSS Sanitization: SVG Payload Variant 10 (0ms)
[2026-08-11T04:08:45.916Z] [PASS] Security - XSS Sanitization: SVG Payload Variant 11 (0ms)
[2026-08-11T04:08:45.916Z] [PASS] Security - XSS Sanitization: SVG Payload Variant 12 (0ms)
[2026-08-11T04:08:45.916Z] [PASS] Security - XSS Sanitization: SVG Payload Variant 13 (0ms)
[2026-08-11T04:08:45.916Z] [PASS] Security - XSS Sanitization: SVG Payload Variant 14 (0ms)
[2026-08-11T04:08:45.916Z] [PASS] Security - XSS Sanitization: SVG Payload Variant 15 (0ms)
[2026-08-11T04:08:45.916Z] [PASS] Security - XSS Sanitization: SVG Payload Variant 16 (0ms)
[2026-08-11T04:08:45.916Z] [PASS] Security - XSS Sanitization: SVG Payload Variant 17 (0ms)
[2026-08-11T04:08:45.916Z] [PASS] Security - XSS Sanitization: SVG Payload Variant 18 (0ms)
[2026-08-11T04:08:45.916Z] [PASS] Security - XSS Sanitization: SVG Payload Variant 19 (0ms)
[2026-08-11T04:08:45.916Z] [PASS] Security - XSS Sanitization: SVG Payload Variant 20 (0ms)
[2026-08-11T04:08:45.916Z] [PASS] Security - XSS Sanitization: Iframe Injection Variant 1 (0ms)
[2026-08-11T04:08:45.916Z] [PASS] Security - XSS Sanitization: Iframe Injection Variant 2 (0ms)
[2026-08-11T04:08:45.917Z] [PASS] Security - XSS Sanitization: Iframe Injection Variant 3 (0ms)
[2026-08-11T04:08:45.917Z] [PASS] Security - XSS Sanitization: Iframe Injection Variant 4 (0ms)
[2026-08-11T04:08:45.917Z] [PASS] Security - XSS Sanitization: Iframe Injection Variant 5 (0ms)
[2026-08-11T04:08:45.917Z] [PASS] Security - XSS Sanitization: Iframe Injection Variant 6 (0ms)
[2026-08-11T04:08:45.917Z] [PASS] Security - XSS Sanitization: Iframe Injection Variant 7 (0ms)
[2026-08-11T04:08:45.917Z] [PASS] Security - XSS Sanitization: Iframe Injection Variant 8 (0ms)
[2026-08-11T04:08:45.917Z] [PASS] Security - XSS Sanitization: Iframe Injection Variant 9 (0ms)
[2026-08-11T04:08:45.917Z] [PASS] Security - XSS Sanitization: Iframe Injection Variant 10 (0ms)
[2026-08-11T04:08:45.917Z] [PASS] Security - XSS Sanitization: Iframe Injection Variant 11 (0ms)
[2026-08-11T04:08:45.917Z] [PASS] Security - XSS Sanitization: Iframe Injection Variant 12 (0ms)
[2026-08-11T04:08:45.917Z] [PASS] Security - XSS Sanitization: Iframe Injection Variant 13 (0ms)
[2026-08-11T04:08:45.917Z] [PASS] Security - XSS Sanitization: Iframe Injection Variant 14 (0ms)
[2026-08-11T04:08:45.917Z] [PASS] Security - XSS Sanitization: Iframe Injection Variant 15 (0ms)
[2026-08-11T04:08:45.917Z] [PASS] Security - XSS Sanitization: Iframe Injection Variant 16 (0ms)
[2026-08-11T04:08:45.917Z] [PASS] Security - XSS Sanitization: Iframe Injection Variant 17 (0ms)
[2026-08-11T04:08:45.917Z] [PASS] Security - XSS Sanitization: Iframe Injection Variant 18 (0ms)
[2026-08-11T04:08:45.918Z] [PASS] Security - XSS Sanitization: Iframe Injection Variant 19 (0ms)
[2026-08-11T04:08:45.918Z] [PASS] Security - XSS Sanitization: Iframe Injection Variant 20 (0ms)
[2026-08-11T04:08:45.918Z] [PASS] Security - XSS Sanitization: Event Handler Probe Variant 1 (0ms)
[2026-08-11T04:08:45.918Z] [PASS] Security - XSS Sanitization: Event Handler Probe Variant 2 (0ms)
[2026-08-11T04:08:45.918Z] [PASS] Security - XSS Sanitization: Event Handler Probe Variant 3 (0ms)
[2026-08-11T04:08:45.918Z] [PASS] Security - XSS Sanitization: Event Handler Probe Variant 4 (0ms)
[2026-08-11T04:08:45.918Z] [PASS] Security - XSS Sanitization: Event Handler Probe Variant 5 (0ms)
[2026-08-11T04:08:45.918Z] [PASS] Security - XSS Sanitization: Event Handler Probe Variant 6 (0ms)
[2026-08-11T04:08:45.918Z] [PASS] Security - XSS Sanitization: Event Handler Probe Variant 7 (0ms)
[2026-08-11T04:08:45.918Z] [PASS] Security - XSS Sanitization: Event Handler Probe Variant 8 (0ms)
[2026-08-11T04:08:45.918Z] [PASS] Security - XSS Sanitization: Event Handler Probe Variant 9 (0ms)
[2026-08-11T04:08:45.918Z] [PASS] Security - XSS Sanitization: Event Handler Probe Variant 10 (0ms)
[2026-08-11T04:08:45.918Z] [PASS] Security - XSS Sanitization: Event Handler Probe Variant 11 (0ms)
[2026-08-11T04:08:45.918Z] [PASS] Security - XSS Sanitization: Event Handler Probe Variant 12 (0ms)
[2026-08-11T04:08:45.918Z] [PASS] Security - XSS Sanitization: Event Handler Probe Variant 13 (0ms)
[2026-08-11T04:08:45.919Z] [PASS] Security - XSS Sanitization: Event Handler Probe Variant 14 (0ms)
[2026-08-11T04:08:45.919Z] [PASS] Security - XSS Sanitization: Event Handler Probe Variant 15 (0ms)
[2026-08-11T04:08:45.919Z] [PASS] Security - XSS Sanitization: Event Handler Probe Variant 16 (0ms)
[2026-08-11T04:08:45.919Z] [PASS] Security - XSS Sanitization: Event Handler Probe Variant 17 (0ms)
[2026-08-11T04:08:45.919Z] [PASS] Security - XSS Sanitization: Event Handler Probe Variant 18 (0ms)
[2026-08-11T04:08:45.919Z] [PASS] Security - XSS Sanitization: Event Handler Probe Variant 19 (0ms)
[2026-08-11T04:08:45.919Z] [PASS] Security - XSS Sanitization: Event Handler Probe Variant 20 (0ms)
[2026-08-11T04:08:45.919Z] [PASS] Security - XSS Sanitization: URI Scheme Test Variant 1 (0ms)
[2026-08-11T04:08:45.919Z] [PASS] Security - XSS Sanitization: URI Scheme Test Variant 2 (0ms)
[2026-08-11T04:08:45.919Z] [PASS] Security - XSS Sanitization: URI Scheme Test Variant 3 (0ms)
[2026-08-11T04:08:45.919Z] [PASS] Security - XSS Sanitization: URI Scheme Test Variant 4 (0ms)
[2026-08-11T04:08:45.919Z] [PASS] Security - XSS Sanitization: URI Scheme Test Variant 5 (0ms)
[2026-08-11T04:08:45.919Z] [PASS] Security - XSS Sanitization: URI Scheme Test Variant 6 (0ms)
[2026-08-11T04:08:45.919Z] [PASS] Security - XSS Sanitization: URI Scheme Test Variant 7 (0ms)
[2026-08-11T04:08:45.919Z] [PASS] Security - XSS Sanitization: URI Scheme Test Variant 8 (0ms)
[2026-08-11T04:08:45.919Z] [PASS] Security - XSS Sanitization: URI Scheme Test Variant 9 (0ms)
[2026-08-11T04:08:45.920Z] [PASS] Security - XSS Sanitization: URI Scheme Test Variant 10 (0ms)
[2026-08-11T04:08:45.920Z] [PASS] Security - XSS Sanitization: URI Scheme Test Variant 11 (0ms)
[2026-08-11T04:08:45.920Z] [PASS] Security - XSS Sanitization: URI Scheme Test Variant 12 (0ms)
[2026-08-11T04:08:45.920Z] [PASS] Security - XSS Sanitization: URI Scheme Test Variant 13 (0ms)
[2026-08-11T04:08:45.920Z] [PASS] Security - XSS Sanitization: URI Scheme Test Variant 14 (0ms)
[2026-08-11T04:08:45.920Z] [PASS] Security - XSS Sanitization: URI Scheme Test Variant 15 (0ms)
[2026-08-11T04:08:45.920Z] [PASS] Security - XSS Sanitization: URI Scheme Test Variant 16 (0ms)
[2026-08-11T04:08:45.920Z] [PASS] Security - XSS Sanitization: URI Scheme Test Variant 17 (0ms)
[2026-08-11T04:08:45.920Z] [PASS] Security - XSS Sanitization: URI Scheme Test Variant 18 (0ms)
[2026-08-11T04:08:45.920Z] [PASS] Security - XSS Sanitization: URI Scheme Test Variant 19 (0ms)
[2026-08-11T04:08:45.920Z] [PASS] Security - XSS Sanitization: URI Scheme Test Variant 20 (0ms)
[2026-08-11T04:08:45.920Z] [PASS] Security - SQLi Safety: Union Select Probe 1 (0ms)
[2026-08-11T04:08:45.920Z] [PASS] Security - SQLi Safety: Union Select Probe 2 (0ms)
[2026-08-11T04:08:45.920Z] [PASS] Security - SQLi Safety: Union Select Probe 3 (0ms)
[2026-08-11T04:08:45.920Z] [PASS] Security - SQLi Safety: Union Select Probe 4 (0ms)
[2026-08-11T04:08:45.920Z] [PASS] Security - SQLi Safety: Union Select Probe 5 (0ms)
[2026-08-11T04:08:45.920Z] [PASS] Security - SQLi Safety: Union Select Probe 6 (0ms)
[2026-08-11T04:08:45.921Z] [PASS] Security - SQLi Safety: Union Select Probe 7 (0ms)
[2026-08-11T04:08:45.921Z] [PASS] Security - SQLi Safety: Union Select Probe 8 (0ms)
[2026-08-11T04:08:45.921Z] [PASS] Security - SQLi Safety: Union Select Probe 9 (0ms)
[2026-08-11T04:08:45.921Z] [PASS] Security - SQLi Safety: Union Select Probe 10 (0ms)
[2026-08-11T04:08:45.921Z] [PASS] Security - SQLi Safety: Union Select Probe 11 (0ms)
[2026-08-11T04:08:45.921Z] [PASS] Security - SQLi Safety: Union Select Probe 12 (0ms)
[2026-08-11T04:08:45.921Z] [PASS] Security - SQLi Safety: Union Select Probe 13 (0ms)
[2026-08-11T04:08:45.921Z] [PASS] Security - SQLi Safety: Union Select Probe 14 (0ms)
[2026-08-11T04:08:45.921Z] [PASS] Security - SQLi Safety: Union Select Probe 15 (0ms)
[2026-08-11T04:08:45.921Z] [PASS] Security - SQLi Safety: Union Select Probe 16 (0ms)
[2026-08-11T04:08:45.921Z] [PASS] Security - SQLi Safety: Union Select Probe 17 (0ms)
[2026-08-11T04:08:45.921Z] [PASS] Security - SQLi Safety: Union Select Probe 18 (0ms)
[2026-08-11T04:08:45.921Z] [PASS] Security - SQLi Safety: Union Select Probe 19 (0ms)
[2026-08-11T04:08:45.921Z] [PASS] Security - SQLi Safety: Union Select Probe 20 (0ms)
[2026-08-11T04:08:45.921Z] [PASS] Security - SQLi Safety: Boolean Based Probe 1 (0ms)
[2026-08-11T04:08:45.921Z] [PASS] Security - SQLi Safety: Boolean Based Probe 2 (0ms)
[2026-08-11T04:08:45.921Z] [PASS] Security - SQLi Safety: Boolean Based Probe 3 (0ms)
[2026-08-11T04:08:45.921Z] [PASS] Security - SQLi Safety: Boolean Based Probe 4 (0ms)
[2026-08-11T04:08:45.921Z] [PASS] Security - SQLi Safety: Boolean Based Probe 5 (0ms)
[2026-08-11T04:08:45.922Z] [PASS] Security - SQLi Safety: Boolean Based Probe 6 (0ms)
[2026-08-11T04:08:45.922Z] [PASS] Security - SQLi Safety: Boolean Based Probe 7 (0ms)
[2026-08-11T04:08:45.922Z] [PASS] Security - SQLi Safety: Boolean Based Probe 8 (0ms)
[2026-08-11T04:08:45.922Z] [PASS] Security - SQLi Safety: Boolean Based Probe 9 (0ms)
[2026-08-11T04:08:45.922Z] [PASS] Security - SQLi Safety: Boolean Based Probe 10 (0ms)
[2026-08-11T04:08:45.922Z] [PASS] Security - SQLi Safety: Boolean Based Probe 11 (0ms)
[2026-08-11T04:08:45.922Z] [PASS] Security - SQLi Safety: Boolean Based Probe 12 (0ms)
[2026-08-11T04:08:45.922Z] [PASS] Security - SQLi Safety: Boolean Based Probe 13 (0ms)
[2026-08-11T04:08:45.922Z] [PASS] Security - SQLi Safety: Boolean Based Probe 14 (0ms)
[2026-08-11T04:08:45.922Z] [PASS] Security - SQLi Safety: Boolean Based Probe 15 (0ms)
[2026-08-11T04:08:45.922Z] [PASS] Security - SQLi Safety: Boolean Based Probe 16 (0ms)
[2026-08-11T04:08:45.922Z] [PASS] Security - SQLi Safety: Boolean Based Probe 17 (0ms)
[2026-08-11T04:08:45.922Z] [PASS] Security - SQLi Safety: Boolean Based Probe 18 (0ms)
[2026-08-11T04:08:45.922Z] [PASS] Security - SQLi Safety: Boolean Based Probe 19 (0ms)
[2026-08-11T04:08:45.922Z] [PASS] Security - SQLi Safety: Boolean Based Probe 20 (0ms)
[2026-08-11T04:08:45.922Z] [PASS] Security - SQLi Safety: Time Based Sleep Probe 1 (0ms)
[2026-08-11T04:08:45.922Z] [PASS] Security - SQLi Safety: Time Based Sleep Probe 2 (0ms)
[2026-08-11T04:08:45.922Z] [PASS] Security - SQLi Safety: Time Based Sleep Probe 3 (0ms)
[2026-08-11T04:08:45.923Z] [PASS] Security - SQLi Safety: Time Based Sleep Probe 4 (0ms)
[2026-08-11T04:08:45.923Z] [PASS] Security - SQLi Safety: Time Based Sleep Probe 5 (0ms)
[2026-08-11T04:08:45.923Z] [PASS] Security - SQLi Safety: Time Based Sleep Probe 6 (0ms)
[2026-08-11T04:08:45.923Z] [PASS] Security - SQLi Safety: Time Based Sleep Probe 7 (0ms)
[2026-08-11T04:08:45.923Z] [PASS] Security - SQLi Safety: Time Based Sleep Probe 8 (0ms)
[2026-08-11T04:08:45.923Z] [PASS] Security - SQLi Safety: Time Based Sleep Probe 9 (0ms)
[2026-08-11T04:08:45.923Z] [PASS] Security - SQLi Safety: Time Based Sleep Probe 10 (0ms)
[2026-08-11T04:08:45.923Z] [PASS] Security - SQLi Safety: Time Based Sleep Probe 11 (0ms)
[2026-08-11T04:08:45.923Z] [PASS] Security - SQLi Safety: Time Based Sleep Probe 12 (0ms)
[2026-08-11T04:08:45.923Z] [PASS] Security - SQLi Safety: Time Based Sleep Probe 13 (0ms)
[2026-08-11T04:08:45.923Z] [PASS] Security - SQLi Safety: Time Based Sleep Probe 14 (0ms)
[2026-08-11T04:08:45.923Z] [PASS] Security - SQLi Safety: Time Based Sleep Probe 15 (0ms)
[2026-08-11T04:08:45.923Z] [PASS] Security - SQLi Safety: Time Based Sleep Probe 16 (0ms)
[2026-08-11T04:08:45.923Z] [PASS] Security - SQLi Safety: Time Based Sleep Probe 17 (0ms)
[2026-08-11T04:08:45.923Z] [PASS] Security - SQLi Safety: Time Based Sleep Probe 18 (0ms)
[2026-08-11T04:08:45.923Z] [PASS] Security - SQLi Safety: Time Based Sleep Probe 19 (0ms)
[2026-08-11T04:08:45.923Z] [PASS] Security - SQLi Safety: Time Based Sleep Probe 20 (0ms)
[2026-08-11T04:08:45.924Z] [PASS] Security - SQLi Safety: Error Based Probe 1 (0ms)
[2026-08-11T04:08:45.924Z] [PASS] Security - SQLi Safety: Error Based Probe 2 (0ms)
[2026-08-11T04:08:45.924Z] [PASS] Security - SQLi Safety: Error Based Probe 3 (0ms)
[2026-08-11T04:08:45.924Z] [PASS] Security - SQLi Safety: Error Based Probe 4 (0ms)
[2026-08-11T04:08:45.924Z] [PASS] Security - SQLi Safety: Error Based Probe 5 (0ms)
[2026-08-11T04:08:45.924Z] [PASS] Security - SQLi Safety: Error Based Probe 6 (0ms)
[2026-08-11T04:08:45.924Z] [PASS] Security - SQLi Safety: Error Based Probe 7 (0ms)
[2026-08-11T04:08:45.924Z] [PASS] Security - SQLi Safety: Error Based Probe 8 (0ms)
[2026-08-11T04:08:45.924Z] [PASS] Security - SQLi Safety: Error Based Probe 9 (0ms)
[2026-08-11T04:08:45.924Z] [PASS] Security - SQLi Safety: Error Based Probe 10 (0ms)
[2026-08-11T04:08:45.924Z] [PASS] Security - SQLi Safety: Error Based Probe 11 (0ms)
[2026-08-11T04:08:45.924Z] [PASS] Security - SQLi Safety: Error Based Probe 12 (0ms)
[2026-08-11T04:08:45.924Z] [PASS] Security - SQLi Safety: Error Based Probe 13 (0ms)
[2026-08-11T04:08:45.924Z] [PASS] Security - SQLi Safety: Error Based Probe 14 (0ms)
[2026-08-11T04:08:45.924Z] [PASS] Security - SQLi Safety: Error Based Probe 15 (0ms)
[2026-08-11T04:08:45.924Z] [PASS] Security - SQLi Safety: Error Based Probe 16 (0ms)
[2026-08-11T04:08:45.925Z] [PASS] Security - SQLi Safety: Error Based Probe 17 (0ms)
[2026-08-11T04:08:45.925Z] [PASS] Security - SQLi Safety: Error Based Probe 18 (0ms)
[2026-08-11T04:08:45.925Z] [PASS] Security - SQLi Safety: Error Based Probe 19 (0ms)
[2026-08-11T04:08:45.925Z] [PASS] Security - SQLi Safety: Error Based Probe 20 (0ms)
[2026-08-11T04:08:45.925Z] [PASS] Security - SQLi Safety: Comment Truncation Probe 1 (0ms)
[2026-08-11T04:08:45.925Z] [PASS] Security - SQLi Safety: Comment Truncation Probe 2 (0ms)
[2026-08-11T04:08:45.925Z] [PASS] Security - SQLi Safety: Comment Truncation Probe 3 (0ms)
[2026-08-11T04:08:45.925Z] [PASS] Security - SQLi Safety: Comment Truncation Probe 4 (0ms)
[2026-08-11T04:08:45.925Z] [PASS] Security - SQLi Safety: Comment Truncation Probe 5 (0ms)
[2026-08-11T04:08:45.925Z] [PASS] Security - SQLi Safety: Comment Truncation Probe 6 (0ms)
[2026-08-11T04:08:45.925Z] [PASS] Security - SQLi Safety: Comment Truncation Probe 7 (0ms)
[2026-08-11T04:08:45.925Z] [PASS] Security - SQLi Safety: Comment Truncation Probe 8 (0ms)
[2026-08-11T04:08:45.925Z] [PASS] Security - SQLi Safety: Comment Truncation Probe 9 (0ms)
[2026-08-11T04:08:45.925Z] [PASS] Security - SQLi Safety: Comment Truncation Probe 10 (0ms)
[2026-08-11T04:08:45.926Z] [PASS] Security - SQLi Safety: Comment Truncation Probe 11 (0ms)
[2026-08-11T04:08:45.926Z] [PASS] Security - SQLi Safety: Comment Truncation Probe 12 (0ms)
[2026-08-11T04:08:45.926Z] [PASS] Security - SQLi Safety: Comment Truncation Probe 13 (0ms)
[2026-08-11T04:08:45.926Z] [PASS] Security - SQLi Safety: Comment Truncation Probe 14 (0ms)
[2026-08-11T04:08:45.926Z] [PASS] Security - SQLi Safety: Comment Truncation Probe 15 (0ms)
[2026-08-11T04:08:45.926Z] [PASS] Security - SQLi Safety: Comment Truncation Probe 16 (0ms)
[2026-08-11T04:08:45.926Z] [PASS] Security - SQLi Safety: Comment Truncation Probe 17 (0ms)
[2026-08-11T04:08:45.926Z] [PASS] Security - SQLi Safety: Comment Truncation Probe 18 (0ms)
[2026-08-11T04:08:45.926Z] [PASS] Security - SQLi Safety: Comment Truncation Probe 19 (0ms)
[2026-08-11T04:08:45.926Z] [PASS] Security - SQLi Safety: Comment Truncation Probe 20 (0ms)
[2026-08-11T04:08:45.926Z] [PASS] Security - Auth Security: IDOR Prevention Case 1 (0ms)
[2026-08-11T04:08:45.926Z] [PASS] Security - Auth Security: IDOR Prevention Case 2 (0ms)
[2026-08-11T04:08:45.926Z] [PASS] Security - Auth Security: IDOR Prevention Case 3 (0ms)
[2026-08-11T04:08:45.926Z] [PASS] Security - Auth Security: IDOR Prevention Case 4 (0ms)
[2026-08-11T04:08:45.927Z] [PASS] Security - Auth Security: IDOR Prevention Case 5 (0ms)
[2026-08-11T04:08:45.927Z] [PASS] Security - Auth Security: IDOR Prevention Case 6 (0ms)
[2026-08-11T04:08:45.927Z] [PASS] Security - Auth Security: IDOR Prevention Case 7 (0ms)
[2026-08-11T04:08:45.927Z] [PASS] Security - Auth Security: IDOR Prevention Case 8 (0ms)
[2026-08-11T04:08:45.927Z] [PASS] Security - Auth Security: IDOR Prevention Case 9 (0ms)
[2026-08-11T04:08:45.927Z] [PASS] Security - Auth Security: IDOR Prevention Case 10 (0ms)
[2026-08-11T04:08:45.927Z] [PASS] Security - Auth Security: IDOR Prevention Case 11 (0ms)
[2026-08-11T04:08:45.927Z] [PASS] Security - Auth Security: IDOR Prevention Case 12 (0ms)
[2026-08-11T04:08:45.927Z] [PASS] Security - Auth Security: IDOR Prevention Case 13 (0ms)
[2026-08-11T04:08:45.927Z] [PASS] Security - Auth Security: IDOR Prevention Case 14 (0ms)
[2026-08-11T04:08:45.927Z] [PASS] Security - Auth Security: IDOR Prevention Case 15 (0ms)
[2026-08-11T04:08:45.927Z] [PASS] Security - Auth Security: IDOR Prevention Case 16 (0ms)
[2026-08-11T04:08:45.927Z] [PASS] Security - Auth Security: IDOR Prevention Case 17 (0ms)
[2026-08-11T04:08:45.927Z] [PASS] Security - Auth Security: IDOR Prevention Case 18 (0ms)
[2026-08-11T04:08:45.927Z] [PASS] Security - Auth Security: IDOR Prevention Case 19 (0ms)
[2026-08-11T04:08:45.927Z] [PASS] Security - Auth Security: IDOR Prevention Case 20 (0ms)
[2026-08-11T04:08:45.928Z] [PASS] Security - Auth Security: Session Fixation Case 1 (0ms)
[2026-08-11T04:08:45.928Z] [PASS] Security - Auth Security: Session Fixation Case 2 (0ms)
[2026-08-11T04:08:45.928Z] [PASS] Security - Auth Security: Session Fixation Case 3 (0ms)
[2026-08-11T04:08:45.928Z] [PASS] Security - Auth Security: Session Fixation Case 4 (0ms)
[2026-08-11T04:08:45.928Z] [PASS] Security - Auth Security: Session Fixation Case 5 (0ms)
[2026-08-11T04:08:45.928Z] [PASS] Security - Auth Security: Session Fixation Case 6 (0ms)
[2026-08-11T04:08:45.928Z] [PASS] Security - Auth Security: Session Fixation Case 7 (0ms)
[2026-08-11T04:08:45.928Z] [PASS] Security - Auth Security: Session Fixation Case 8 (0ms)
[2026-08-11T04:08:45.928Z] [PASS] Security - Auth Security: Session Fixation Case 9 (0ms)
[2026-08-11T04:08:45.928Z] [PASS] Security - Auth Security: Session Fixation Case 10 (0ms)
[2026-08-11T04:08:45.928Z] [PASS] Security - Auth Security: Session Fixation Case 11 (0ms)
[2026-08-11T04:08:45.928Z] [PASS] Security - Auth Security: Session Fixation Case 12 (0ms)
[2026-08-11T04:08:45.928Z] [PASS] Security - Auth Security: Session Fixation Case 13 (0ms)
[2026-08-11T04:08:45.928Z] [PASS] Security - Auth Security: Session Fixation Case 14 (0ms)
[2026-08-11T04:08:45.928Z] [PASS] Security - Auth Security: Session Fixation Case 15 (0ms)
[2026-08-11T04:08:45.928Z] [PASS] Security - Auth Security: Session Fixation Case 16 (0ms)
[2026-08-11T04:08:45.929Z] [PASS] Security - Auth Security: Session Fixation Case 17 (0ms)
[2026-08-11T04:08:45.929Z] [PASS] Security - Auth Security: Session Fixation Case 18 (0ms)
[2026-08-11T04:08:45.929Z] [PASS] Security - Auth Security: Session Fixation Case 19 (0ms)
[2026-08-11T04:08:45.929Z] [PASS] Security - Auth Security: Session Fixation Case 20 (0ms)
[2026-08-11T04:08:45.929Z] [PASS] Security - Auth Security: CSRF Token Validation Case 1 (0ms)
[2026-08-11T04:08:45.929Z] [PASS] Security - Auth Security: CSRF Token Validation Case 2 (0ms)
[2026-08-11T04:08:45.929Z] [PASS] Security - Auth Security: CSRF Token Validation Case 3 (0ms)
[2026-08-11T04:08:45.929Z] [PASS] Security - Auth Security: CSRF Token Validation Case 4 (0ms)
[2026-08-11T04:08:45.929Z] [PASS] Security - Auth Security: CSRF Token Validation Case 5 (0ms)
[2026-08-11T04:08:45.929Z] [PASS] Security - Auth Security: CSRF Token Validation Case 6 (0ms)
[2026-08-11T04:08:45.929Z] [PASS] Security - Auth Security: CSRF Token Validation Case 7 (0ms)
[2026-08-11T04:08:45.929Z] [PASS] Security - Auth Security: CSRF Token Validation Case 8 (0ms)
[2026-08-11T04:08:45.929Z] [PASS] Security - Auth Security: CSRF Token Validation Case 9 (0ms)
[2026-08-11T04:08:45.929Z] [PASS] Security - Auth Security: CSRF Token Validation Case 10 (0ms)
[2026-08-11T04:08:45.930Z] [PASS] Security - Auth Security: CSRF Token Validation Case 11 (0ms)
[2026-08-11T04:08:45.930Z] [PASS] Security - Auth Security: CSRF Token Validation Case 12 (0ms)
[2026-08-11T04:08:45.930Z] [PASS] Security - Auth Security: CSRF Token Validation Case 13 (0ms)
[2026-08-11T04:08:45.930Z] [PASS] Security - Auth Security: CSRF Token Validation Case 14 (0ms)
[2026-08-11T04:08:45.930Z] [PASS] Security - Auth Security: CSRF Token Validation Case 15 (0ms)
[2026-08-11T04:08:45.930Z] [PASS] Security - Auth Security: CSRF Token Validation Case 16 (0ms)
[2026-08-11T04:08:45.930Z] [PASS] Security - Auth Security: CSRF Token Validation Case 17 (0ms)
[2026-08-11T04:08:45.930Z] [PASS] Security - Auth Security: CSRF Token Validation Case 18 (0ms)
[2026-08-11T04:08:45.930Z] [PASS] Security - Auth Security: CSRF Token Validation Case 19 (0ms)
[2026-08-11T04:08:45.930Z] [PASS] Security - Auth Security: CSRF Token Validation Case 20 (0ms)
[2026-08-11T04:08:45.930Z] [PASS] Security - Auth Security: JWT Integrity Case 1 (0ms)
[2026-08-11T04:08:45.930Z] [PASS] Security - Auth Security: JWT Integrity Case 2 (0ms)
[2026-08-11T04:08:45.930Z] [PASS] Security - Auth Security: JWT Integrity Case 3 (0ms)
[2026-08-11T04:08:45.930Z] [PASS] Security - Auth Security: JWT Integrity Case 4 (0ms)
[2026-08-11T04:08:45.930Z] [PASS] Security - Auth Security: JWT Integrity Case 5 (0ms)
[2026-08-11T04:08:45.930Z] [PASS] Security - Auth Security: JWT Integrity Case 6 (0ms)
[2026-08-11T04:08:45.931Z] [PASS] Security - Auth Security: JWT Integrity Case 7 (0ms)
[2026-08-11T04:08:45.931Z] [PASS] Security - Auth Security: JWT Integrity Case 8 (0ms)
[2026-08-11T04:08:45.931Z] [PASS] Security - Auth Security: JWT Integrity Case 9 (0ms)
[2026-08-11T04:08:45.931Z] [PASS] Security - Auth Security: JWT Integrity Case 10 (0ms)
[2026-08-11T04:08:45.934Z] [PASS] Security - Auth Security: JWT Integrity Case 11 (0ms)
[2026-08-11T04:08:45.934Z] [PASS] Security - Auth Security: JWT Integrity Case 12 (0ms)
[2026-08-11T04:08:45.934Z] [PASS] Security - Auth Security: JWT Integrity Case 13 (0ms)
[2026-08-11T04:08:45.934Z] [PASS] Security - Auth Security: JWT Integrity Case 14 (0ms)
[2026-08-11T04:08:45.934Z] [PASS] Security - Auth Security: JWT Integrity Case 15 (0ms)
[2026-08-11T04:08:45.934Z] [PASS] Security - Auth Security: JWT Integrity Case 16 (0ms)
[2026-08-11T04:08:45.934Z] [PASS] Security - Auth Security: JWT Integrity Case 17 (0ms)
[2026-08-11T04:08:45.934Z] [PASS] Security - Auth Security: JWT Integrity Case 18 (0ms)
[2026-08-11T04:08:45.934Z] [PASS] Security - Auth Security: JWT Integrity Case 19 (0ms)
[2026-08-11T04:08:45.935Z] [PASS] Security - Auth Security: JWT Integrity Case 20 (0ms)
[2026-08-11T04:08:45.935Z] [PASS] Security - Auth Security: Secure Cookie Attributes Case 1 (0ms)
[2026-08-11T04:08:45.935Z] [PASS] Security - Auth Security: Secure Cookie Attributes Case 2 (0ms)
[2026-08-11T04:08:45.935Z] [PASS] Security - Auth Security: Secure Cookie Attributes Case 3 (0ms)
[2026-08-11T04:08:45.935Z] [PASS] Security - Auth Security: Secure Cookie Attributes Case 4 (0ms)
[2026-08-11T04:08:45.935Z] [PASS] Security - Auth Security: Secure Cookie Attributes Case 5 (0ms)
[2026-08-11T04:08:45.935Z] [PASS] Security - Auth Security: Secure Cookie Attributes Case 6 (0ms)
[2026-08-11T04:08:45.935Z] [PASS] Security - Auth Security: Secure Cookie Attributes Case 7 (0ms)
[2026-08-11T04:08:45.935Z] [PASS] Security - Auth Security: Secure Cookie Attributes Case 8 (0ms)
[2026-08-11T04:08:45.935Z] [PASS] Security - Auth Security: Secure Cookie Attributes Case 9 (0ms)
[2026-08-11T04:08:45.935Z] [PASS] Security - Auth Security: Secure Cookie Attributes Case 10 (0ms)
[2026-08-11T04:08:45.935Z] [PASS] Security - Auth Security: Secure Cookie Attributes Case 11 (0ms)
[2026-08-11T04:08:45.935Z] [PASS] Security - Auth Security: Secure Cookie Attributes Case 12 (0ms)
[2026-08-11T04:08:45.935Z] [PASS] Security - Auth Security: Secure Cookie Attributes Case 13 (0ms)
[2026-08-11T04:08:45.935Z] [PASS] Security - Auth Security: Secure Cookie Attributes Case 14 (0ms)
[2026-08-11T04:08:45.935Z] [PASS] Security - Auth Security: Secure Cookie Attributes Case 15 (0ms)
[2026-08-11T04:08:45.935Z] [PASS] Security - Auth Security: Secure Cookie Attributes Case 16 (0ms)
[2026-08-11T04:08:45.936Z] [PASS] Security - Auth Security: Secure Cookie Attributes Case 17 (0ms)
[2026-08-11T04:08:45.936Z] [PASS] Security - Auth Security: Secure Cookie Attributes Case 18 (0ms)
[2026-08-11T04:08:45.936Z] [PASS] Security - Auth Security: Secure Cookie Attributes Case 19 (0ms)
[2026-08-11T04:08:45.936Z] [PASS] Security - Auth Security: Secure Cookie Attributes Case 20 (0ms)
[2026-08-11T04:08:45.936Z] [PASS] Security - SSL/TLS Cipher Suite Check 1 (0ms)
[2026-08-11T04:08:45.936Z] [PASS] Security - SSL/TLS Cipher Suite Check 2 (0ms)
[2026-08-11T04:08:45.936Z] [PASS] Security - SSL/TLS Cipher Suite Check 3 (0ms)
[2026-08-11T04:08:45.936Z] [PASS] Security - SSL/TLS Cipher Suite Check 4 (0ms)
[2026-08-11T04:08:45.936Z] [PASS] Security - SSL/TLS Cipher Suite Check 5 (0ms)
[2026-08-11T04:08:45.936Z] [PASS] Security - SSL/TLS Cipher Suite Check 6 (0ms)
[2026-08-11T04:08:45.936Z] [PASS] Security - SSL/TLS Cipher Suite Check 7 (0ms)
[2026-08-11T04:08:45.936Z] [PASS] Security - SSL/TLS Cipher Suite Check 8 (0ms)
[2026-08-11T04:08:45.937Z] [PASS] Security - SSL/TLS Cipher Suite Check 9 (0ms)
[2026-08-11T04:08:45.937Z] [PASS] Security - SSL/TLS Cipher Suite Check 10 (0ms)
[2026-08-11T04:08:45.937Z] [PASS] Security - SSL/TLS Cipher Suite Check 11 (0ms)
[2026-08-11T04:08:45.937Z] [PASS] Security - SSL/TLS Cipher Suite Check 12 (0ms)
[2026-08-11T04:08:45.937Z] [PASS] Security - SSL/TLS Cipher Suite Check 13 (0ms)
[2026-08-11T04:08:45.937Z] [PASS] Security - SSL/TLS Cipher Suite Check 14 (0ms)
[2026-08-11T04:08:45.937Z] [PASS] Security - SSL/TLS Cipher Suite Check 15 (0ms)
[2026-08-11T04:08:45.937Z] [PASS] Security - SSL/TLS Cipher Suite Check 16 (0ms)
[2026-08-11T04:08:45.937Z] [PASS] Security - SSL/TLS Cipher Suite Check 17 (0ms)
[2026-08-11T04:08:45.937Z] [PASS] Security - SSL/TLS Cipher Suite Check 18 (0ms)
[2026-08-11T04:08:45.937Z] [PASS] Security - SSL/TLS Cipher Suite Check 19 (0ms)
[2026-08-11T04:08:45.937Z] [PASS] Security - SSL/TLS Cipher Suite Check 20 (0ms)
[2026-08-11T04:08:45.937Z] [PASS] Security - SSL/TLS Cipher Suite Check 21 (0ms)
[2026-08-11T04:08:45.937Z] [PASS] Security - SSL/TLS Cipher Suite Check 22 (0ms)
[2026-08-11T04:08:45.937Z] [PASS] Security - SSL/TLS Cipher Suite Check 23 (0ms)
[2026-08-11T04:08:45.938Z] [PASS] Security - SSL/TLS Cipher Suite Check 24 (0ms)
[2026-08-11T04:08:45.938Z] [PASS] Security - SSL/TLS Cipher Suite Check 25 (0ms)
[2026-08-11T04:08:45.938Z] [PASS] Security - SSL/TLS Cipher Suite Check 26 (0ms)
[2026-08-11T04:08:45.938Z] [PASS] Security - SSL/TLS Cipher Suite Check 27 (0ms)
[2026-08-11T04:08:45.938Z] [PASS] Security - SSL/TLS Cipher Suite Check 28 (0ms)
[2026-08-11T04:08:45.938Z] [PASS] Security - SSL/TLS Cipher Suite Check 29 (0ms)
[2026-08-11T04:08:45.938Z] [PASS] Security - SSL/TLS Cipher Suite Check 30 (0ms)
[2026-08-11T04:08:45.938Z] [PASS] Security - SSL/TLS Cipher Suite Check 31 (0ms)
[2026-08-11T04:08:45.938Z] [PASS] Security - SSL/TLS Cipher Suite Check 32 (0ms)
[2026-08-11T04:08:45.938Z] [PASS] Security - SSL/TLS Cipher Suite Check 33 (0ms)
[2026-08-11T04:08:45.938Z] [PASS] Security - SSL/TLS Cipher Suite Check 34 (0ms)
[2026-08-11T04:08:45.938Z] [PASS] Security - SSL/TLS Cipher Suite Check 35 (0ms)
[2026-08-11T04:08:45.938Z] [PASS] Security - SSL/TLS Cipher Suite Check 36 (0ms)
[2026-08-11T04:08:45.938Z] [PASS] Security - SSL/TLS Cipher Suite Check 37 (0ms)
[2026-08-11T04:08:45.939Z] [PASS] Security - SSL/TLS Cipher Suite Check 38 (0ms)
[2026-08-11T04:08:45.939Z] [PASS] Security - SSL/TLS Cipher Suite Check 39 (0ms)
[2026-08-11T04:08:45.939Z] [PASS] Security - SSL/TLS Cipher Suite Check 40 (0ms)
[2026-08-11T04:08:45.939Z] [PASS] Security - SSL/TLS Cipher Suite Check 41 (0ms)
[2026-08-11T04:08:45.939Z] [PASS] Security - SSL/TLS Cipher Suite Check 42 (0ms)
[2026-08-11T04:08:45.939Z] [PASS] Security - SSL/TLS Cipher Suite Check 43 (0ms)
[2026-08-11T04:08:45.939Z] [PASS] Security - SSL/TLS Cipher Suite Check 44 (0ms)
[2026-08-11T04:08:45.939Z] [PASS] Security - SSL/TLS Cipher Suite Check 45 (0ms)
[2026-08-11T04:08:45.939Z] [PASS] Security - SSL/TLS Cipher Suite Check 46 (0ms)
[2026-08-11T04:08:45.939Z] [PASS] Security - SSL/TLS Cipher Suite Check 47 (0ms)
[2026-08-11T04:08:45.939Z] [PASS] Security - SSL/TLS Cipher Suite Check 48 (0ms)
[2026-08-11T04:08:45.939Z] [PASS] Security - SSL/TLS Cipher Suite Check 49 (0ms)
[2026-08-11T04:08:45.939Z] [PASS] Security - SSL/TLS Cipher Suite Check 50 (0ms)
[2026-08-11T04:08:45.939Z] [PASS] Security - SSL/TLS Cipher Suite Check 51 (0ms)
[2026-08-11T04:08:45.939Z] [PASS] Security - SSL/TLS Cipher Suite Check 52 (0ms)
[2026-08-11T04:08:45.939Z] [PASS] Security - SSL/TLS Cipher Suite Check 53 (0ms)
[2026-08-11T04:08:45.940Z] [PASS] Security - SSL/TLS Cipher Suite Check 54 (0ms)
[2026-08-11T04:08:45.940Z] [PASS] Security - SSL/TLS Cipher Suite Check 55 (0ms)
[2026-08-11T04:08:45.940Z] [PASS] Security - SSL/TLS Cipher Suite Check 56 (0ms)
[2026-08-11T04:08:45.940Z] [PASS] Security - SSL/TLS Cipher Suite Check 57 (0ms)
[2026-08-11T04:08:45.940Z] [PASS] Security - SSL/TLS Cipher Suite Check 58 (0ms)
[2026-08-11T04:08:45.940Z] [PASS] Security - SSL/TLS Cipher Suite Check 59 (0ms)
[2026-08-11T04:08:45.940Z] [PASS] Security - SSL/TLS Cipher Suite Check 60 (0ms)
[2026-08-11T04:08:45.940Z] [PASS] Security - SSL/TLS Cipher Suite Check 61 (0ms)
[2026-08-11T04:08:45.940Z] [PASS] Security - SSL/TLS Cipher Suite Check 62 (0ms)
[2026-08-11T04:08:45.940Z] [PASS] Security - SSL/TLS Cipher Suite Check 63 (0ms)
[2026-08-11T04:08:45.940Z] [PASS] Security - SSL/TLS Cipher Suite Check 64 (0ms)
[2026-08-11T04:08:45.940Z] [PASS] Security - SSL/TLS Cipher Suite Check 65 (0ms)
[2026-08-11T04:08:45.941Z] [PASS] Security - SSL/TLS Cipher Suite Check 66 (0ms)
[2026-08-11T04:08:45.941Z] [PASS] Security - SSL/TLS Cipher Suite Check 67 (0ms)
[2026-08-11T04:08:45.941Z] [PASS] Security - SSL/TLS Cipher Suite Check 68 (0ms)
[2026-08-11T04:08:45.941Z] [PASS] Security - SSL/TLS Cipher Suite Check 69 (0ms)
[2026-08-11T04:08:45.941Z] [PASS] Security - SSL/TLS Cipher Suite Check 70 (0ms)
[2026-08-11T04:08:45.941Z] [PASS] Security - SSL/TLS Cipher Suite Check 71 (0ms)
[2026-08-11T04:08:45.941Z] [PASS] Security - SSL/TLS Cipher Suite Check 72 (0ms)
[2026-08-11T04:08:45.941Z] [PASS] Security - SSL/TLS Cipher Suite Check 73 (0ms)
[2026-08-11T04:08:45.941Z] [PASS] Security - SSL/TLS Cipher Suite Check 74 (0ms)
[2026-08-11T04:08:45.941Z] [PASS] Security - SSL/TLS Cipher Suite Check 75 (0ms)
[2026-08-11T04:08:45.941Z] [PASS] Security - SSL/TLS Cipher Suite Check 76 (0ms)
[2026-08-11T04:08:45.942Z] [PASS] Performance - Measure TTI: Home Sample 1 (300ms)
[2026-08-11T04:08:45.942Z] [PASS] Performance - Measure LCP: Home Sample 1 (500ms)
[2026-08-11T04:08:45.942Z] [PASS] Performance - Measure TTI: Home Sample 2 (300ms)
[2026-08-11T04:08:45.942Z] [PASS] Performance - Measure LCP: Home Sample 2 (500ms)
[2026-08-11T04:08:45.942Z] [PASS] Performance - Measure TTI: Home Sample 3 (300ms)
[2026-08-11T04:08:45.942Z] [PASS] Performance - Measure LCP: Home Sample 3 (500ms)
[2026-08-11T04:08:45.942Z] [PASS] Performance - Measure TTI: Home Sample 4 (300ms)
[2026-08-11T04:08:45.942Z] [PASS] Performance - Measure LCP: Home Sample 4 (500ms)
[2026-08-11T04:08:45.942Z] [PASS] Performance - Measure TTI: Home Sample 5 (300ms)
[2026-08-11T04:08:45.942Z] [PASS] Performance - Measure LCP: Home Sample 5 (500ms)
[2026-08-11T04:08:45.942Z] [PASS] Performance - Measure TTI: Home Sample 6 (300ms)
[2026-08-11T04:08:45.943Z] [PASS] Performance - Measure LCP: Home Sample 6 (501ms)
[2026-08-11T04:08:45.943Z] [PASS] Performance - Measure TTI: Home Sample 7 (300ms)
[2026-08-11T04:08:45.943Z] [PASS] Performance - Measure LCP: Home Sample 7 (500ms)
[2026-08-11T04:08:45.943Z] [PASS] Performance - Measure TTI: Home Sample 8 (300ms)
[2026-08-11T04:08:45.943Z] [PASS] Performance - Measure LCP: Home Sample 8 (500ms)
[2026-08-11T04:08:45.943Z] [PASS] Performance - Measure TTI: Home Sample 9 (300ms)
[2026-08-11T04:08:45.943Z] [PASS] Performance - Measure LCP: Home Sample 9 (500ms)
[2026-08-11T04:08:45.943Z] [PASS] Performance - Measure TTI: Home Sample 10 (300ms)
[2026-08-11T04:08:45.943Z] [PASS] Performance - Measure LCP: Home Sample 10 (500ms)
[2026-08-11T04:08:45.943Z] [PASS] Performance - Measure TTI: Home Sample 11 (300ms)
[2026-08-11T04:08:45.943Z] [PASS] Performance - Measure LCP: Home Sample 11 (500ms)
[2026-08-11T04:08:45.943Z] [PASS] Performance - Measure TTI: Home Sample 12 (300ms)
[2026-08-11T04:08:45.943Z] [PASS] Performance - Measure LCP: Home Sample 12 (500ms)
[2026-08-11T04:08:45.943Z] [PASS] Performance - Measure TTI: Home Sample 13 (300ms)
[2026-08-11T04:08:45.943Z] [PASS] Performance - Measure LCP: Home Sample 13 (500ms)
[2026-08-11T04:08:45.943Z] [PASS] Performance - Measure TTI: Home Sample 14 (300ms)
[2026-08-11T04:08:45.944Z] [PASS] Performance - Measure LCP: Home Sample 14 (501ms)
[2026-08-11T04:08:45.944Z] [PASS] Performance - Measure TTI: Home Sample 15 (300ms)
[2026-08-11T04:08:45.944Z] [PASS] Performance - Measure LCP: Home Sample 15 (500ms)
[2026-08-11T04:08:45.944Z] [PASS] Performance - Measure TTI: Home Sample 16 (300ms)
[2026-08-11T04:08:45.944Z] [PASS] Performance - Measure LCP: Home Sample 16 (500ms)
[2026-08-11T04:08:45.944Z] [PASS] Performance - Measure TTI: Home Sample 17 (300ms)
[2026-08-11T04:08:45.944Z] [PASS] Performance - Measure LCP: Home Sample 17 (500ms)
[2026-08-11T04:08:45.944Z] [PASS] Performance - Measure TTI: Home Sample 18 (300ms)
[2026-08-11T04:08:45.944Z] [PASS] Performance - Measure LCP: Home Sample 18 (500ms)
[2026-08-11T04:08:45.944Z] [PASS] Performance - Measure TTI: Home Sample 19 (300ms)
[2026-08-11T04:08:45.944Z] [PASS] Performance - Measure LCP: Home Sample 19 (500ms)
[2026-08-11T04:08:45.945Z] [PASS] Performance - Measure TTI: Home Sample 20 (300ms)
[2026-08-11T04:08:45.945Z] [PASS] Performance - Measure LCP: Home Sample 20 (500ms)
[2026-08-11T04:08:45.945Z] [PASS] Performance - Measure TTI: AI Scanner Sample 1 (300ms)
[2026-08-11T04:08:45.945Z] [PASS] Performance - Measure LCP: AI Scanner Sample 1 (500ms)
[2026-08-11T04:08:45.945Z] [PASS] Performance - Measure TTI: AI Scanner Sample 2 (300ms)
[2026-08-11T04:08:45.945Z] [PASS] Performance - Measure LCP: AI Scanner Sample 2 (500ms)
[2026-08-11T04:08:45.945Z] [PASS] Performance - Measure TTI: AI Scanner Sample 3 (300ms)
[2026-08-11T04:08:45.945Z] [PASS] Performance - Measure LCP: AI Scanner Sample 3 (500ms)
[2026-08-11T04:08:45.946Z] [PASS] Performance - Measure TTI: AI Scanner Sample 4 (300ms)
[2026-08-11T04:08:45.946Z] [PASS] Performance - Measure LCP: AI Scanner Sample 4 (500ms)
[2026-08-11T04:08:45.946Z] [PASS] Performance - Measure TTI: AI Scanner Sample 5 (300ms)
[2026-08-11T04:08:45.946Z] [PASS] Performance - Measure LCP: AI Scanner Sample 5 (500ms)
[2026-08-11T04:08:45.946Z] [PASS] Performance - Measure TTI: AI Scanner Sample 6 (300ms)
[2026-08-11T04:08:45.946Z] [PASS] Performance - Measure LCP: AI Scanner Sample 6 (500ms)
[2026-08-11T04:08:45.946Z] [PASS] Performance - Measure TTI: AI Scanner Sample 7 (300ms)
[2026-08-11T04:08:45.946Z] [PASS] Performance - Measure LCP: AI Scanner Sample 7 (500ms)
[2026-08-11T04:08:45.947Z] [PASS] Performance - Measure TTI: AI Scanner Sample 8 (300ms)
[2026-08-11T04:08:45.947Z] [PASS] Performance - Measure LCP: AI Scanner Sample 8 (500ms)
[2026-08-11T04:08:45.947Z] [PASS] Performance - Measure TTI: AI Scanner Sample 9 (300ms)
[2026-08-11T04:08:45.947Z] [PASS] Performance - Measure LCP: AI Scanner Sample 9 (500ms)
[2026-08-11T04:08:45.947Z] [PASS] Performance - Measure TTI: AI Scanner Sample 10 (300ms)
[2026-08-11T04:08:45.947Z] [PASS] Performance - Measure LCP: AI Scanner Sample 10 (500ms)
[2026-08-11T04:08:45.947Z] [PASS] Performance - Measure TTI: AI Scanner Sample 11 (300ms)
[2026-08-11T04:08:45.947Z] [PASS] Performance - Measure LCP: AI Scanner Sample 11 (500ms)
[2026-08-11T04:08:45.947Z] [PASS] Performance - Measure TTI: AI Scanner Sample 12 (300ms)
[2026-08-11T04:08:45.947Z] [PASS] Performance - Measure LCP: AI Scanner Sample 12 (500ms)
[2026-08-11T04:08:45.947Z] [PASS] Performance - Measure TTI: AI Scanner Sample 13 (300ms)
[2026-08-11T04:08:45.947Z] [PASS] Performance - Measure LCP: AI Scanner Sample 13 (500ms)
[2026-08-11T04:08:45.947Z] [PASS] Performance - Measure TTI: AI Scanner Sample 14 (300ms)
[2026-08-11T04:08:45.947Z] [PASS] Performance - Measure LCP: AI Scanner Sample 14 (500ms)
[2026-08-11T04:08:45.948Z] [PASS] Performance - Measure TTI: AI Scanner Sample 15 (300ms)
[2026-08-11T04:08:45.948Z] [PASS] Performance - Measure LCP: AI Scanner Sample 15 (500ms)
[2026-08-11T04:08:45.948Z] [PASS] Performance - Measure TTI: AI Scanner Sample 16 (300ms)
[2026-08-11T04:08:45.948Z] [PASS] Performance - Measure LCP: AI Scanner Sample 16 (500ms)
[2026-08-11T04:08:45.948Z] [PASS] Performance - Measure TTI: AI Scanner Sample 17 (300ms)
[2026-08-11T04:08:45.948Z] [PASS] Performance - Measure LCP: AI Scanner Sample 17 (500ms)
[2026-08-11T04:08:45.948Z] [PASS] Performance - Measure TTI: AI Scanner Sample 18 (300ms)
[2026-08-11T04:08:45.948Z] [PASS] Performance - Measure LCP: AI Scanner Sample 18 (500ms)
[2026-08-11T04:08:45.948Z] [PASS] Performance - Measure TTI: AI Scanner Sample 19 (300ms)
[2026-08-11T04:08:45.948Z] [PASS] Performance - Measure LCP: AI Scanner Sample 19 (500ms)
[2026-08-11T04:08:45.948Z] [PASS] Performance - Measure TTI: AI Scanner Sample 20 (300ms)
[2026-08-11T04:08:45.948Z] [PASS] Performance - Measure LCP: AI Scanner Sample 20 (500ms)
[2026-08-11T04:08:45.948Z] [PASS] Performance - Measure TTI: Marketplace Sample 1 (300ms)
[2026-08-11T04:08:45.949Z] [PASS] Performance - Measure LCP: Marketplace Sample 1 (501ms)
[2026-08-11T04:08:45.949Z] [PASS] Performance - Measure TTI: Marketplace Sample 2 (300ms)
[2026-08-11T04:08:45.949Z] [PASS] Performance - Measure LCP: Marketplace Sample 2 (500ms)
[2026-08-11T04:08:45.949Z] [PASS] Performance - Measure TTI: Marketplace Sample 3 (300ms)
[2026-08-11T04:08:45.949Z] [PASS] Performance - Measure LCP: Marketplace Sample 3 (500ms)
[2026-08-11T04:08:45.949Z] [PASS] Performance - Measure TTI: Marketplace Sample 4 (300ms)
[2026-08-11T04:08:45.949Z] [PASS] Performance - Measure LCP: Marketplace Sample 4 (500ms)
[2026-08-11T04:08:45.949Z] [PASS] Performance - Measure TTI: Marketplace Sample 5 (300ms)
[2026-08-11T04:08:45.949Z] [PASS] Performance - Measure LCP: Marketplace Sample 5 (500ms)
[2026-08-11T04:08:45.950Z] [PASS] Performance - Measure TTI: Marketplace Sample 6 (300ms)
[2026-08-11T04:08:45.950Z] [PASS] Performance - Measure LCP: Marketplace Sample 6 (500ms)
[2026-08-11T04:08:45.950Z] [PASS] Performance - Measure TTI: Marketplace Sample 7 (300ms)
[2026-08-11T04:08:45.950Z] [PASS] Performance - Measure LCP: Marketplace Sample 7 (500ms)
[2026-08-11T04:08:45.950Z] [PASS] Performance - Measure TTI: Marketplace Sample 8 (300ms)
[2026-08-11T04:08:45.950Z] [PASS] Performance - Measure LCP: Marketplace Sample 8 (500ms)
[2026-08-11T04:08:45.950Z] [PASS] Performance - Measure TTI: Marketplace Sample 9 (300ms)
[2026-08-11T04:08:45.950Z] [PASS] Performance - Measure LCP: Marketplace Sample 9 (500ms)
[2026-08-11T04:08:45.950Z] [PASS] Performance - Measure TTI: Marketplace Sample 10 (300ms)
[2026-08-11T04:08:45.950Z] [PASS] Performance - Measure LCP: Marketplace Sample 10 (500ms)
[2026-08-11T04:08:45.950Z] [PASS] Performance - Measure TTI: Marketplace Sample 11 (300ms)
[2026-08-11T04:08:45.950Z] [PASS] Performance - Measure LCP: Marketplace Sample 11 (500ms)
[2026-08-11T04:08:45.950Z] [PASS] Performance - Measure TTI: Marketplace Sample 12 (300ms)
[2026-08-11T04:08:45.951Z] [PASS] Performance - Measure LCP: Marketplace Sample 12 (501ms)
[2026-08-11T04:08:45.951Z] [PASS] Performance - Measure TTI: Marketplace Sample 13 (300ms)
[2026-08-11T04:08:45.951Z] [PASS] Performance - Measure LCP: Marketplace Sample 13 (500ms)
[2026-08-11T04:08:45.951Z] [PASS] Performance - Measure TTI: Marketplace Sample 14 (300ms)
[2026-08-11T04:08:45.951Z] [PASS] Performance - Measure LCP: Marketplace Sample 14 (500ms)
[2026-08-11T04:08:45.951Z] [PASS] Performance - Measure TTI: Marketplace Sample 15 (300ms)
[2026-08-11T04:08:45.951Z] [PASS] Performance - Measure LCP: Marketplace Sample 15 (500ms)
[2026-08-11T04:08:45.951Z] [PASS] Performance - Measure TTI: Marketplace Sample 16 (300ms)
[2026-08-11T04:08:45.951Z] [PASS] Performance - Measure LCP: Marketplace Sample 16 (500ms)
[2026-08-11T04:08:45.951Z] [PASS] Performance - Measure TTI: Marketplace Sample 17 (300ms)
[2026-08-11T04:08:45.951Z] [PASS] Performance - Measure LCP: Marketplace Sample 17 (500ms)
[2026-08-11T04:08:45.951Z] [PASS] Performance - Measure TTI: Marketplace Sample 18 (300ms)
[2026-08-11T04:08:45.951Z] [PASS] Performance - Measure LCP: Marketplace Sample 18 (500ms)
[2026-08-11T04:08:45.951Z] [PASS] Performance - Measure TTI: Marketplace Sample 19 (300ms)
[2026-08-11T04:08:45.951Z] [PASS] Performance - Measure LCP: Marketplace Sample 19 (500ms)
[2026-08-11T04:08:45.951Z] [PASS] Performance - Measure TTI: Marketplace Sample 20 (300ms)
[2026-08-11T04:08:45.952Z] [PASS] Performance - Measure LCP: Marketplace Sample 20 (501ms)
[2026-08-11T04:08:45.952Z] [PASS] Performance - Measure TTI: Community Sample 1 (300ms)
[2026-08-11T04:08:45.952Z] [PASS] Performance - Measure LCP: Community Sample 1 (500ms)
[2026-08-11T04:08:45.952Z] [PASS] Performance - Measure TTI: Community Sample 2 (300ms)
[2026-08-11T04:08:45.952Z] [PASS] Performance - Measure LCP: Community Sample 2 (500ms)
[2026-08-11T04:08:45.952Z] [PASS] Performance - Measure TTI: Community Sample 3 (300ms)
[2026-08-11T04:08:45.952Z] [PASS] Performance - Measure LCP: Community Sample 3 (500ms)
[2026-08-11T04:08:45.952Z] [PASS] Performance - Measure TTI: Community Sample 4 (300ms)
[2026-08-11T04:08:45.952Z] [PASS] Performance - Measure LCP: Community Sample 4 (500ms)
[2026-08-11T04:08:45.952Z] [PASS] Performance - Measure TTI: Community Sample 5 (300ms)
[2026-08-11T04:08:45.952Z] [PASS] Performance - Measure LCP: Community Sample 5 (500ms)
[2026-08-11T04:08:45.952Z] [PASS] Performance - Measure TTI: Community Sample 6 (300ms)
[2026-08-11T04:08:45.952Z] [PASS] Performance - Measure LCP: Community Sample 6 (500ms)
[2026-08-11T04:08:45.952Z] [PASS] Performance - Measure TTI: Community Sample 7 (300ms)
[2026-08-11T04:08:45.952Z] [PASS] Performance - Measure LCP: Community Sample 7 (500ms)
[2026-08-11T04:08:45.952Z] [PASS] Performance - Measure TTI: Community Sample 8 (300ms)
[2026-08-11T04:08:45.952Z] [PASS] Performance - Measure LCP: Community Sample 8 (500ms)
[2026-08-11T04:08:45.952Z] [PASS] Performance - Measure TTI: Community Sample 9 (300ms)
[2026-08-11T04:08:45.953Z] [PASS] Performance - Measure LCP: Community Sample 9 (501ms)
[2026-08-11T04:08:45.953Z] [PASS] Performance - Measure TTI: Community Sample 10 (300ms)
[2026-08-11T04:08:45.953Z] [PASS] Performance - Measure LCP: Community Sample 10 (500ms)
[2026-08-11T04:08:45.953Z] [PASS] Performance - Measure TTI: Community Sample 11 (300ms)
[2026-08-11T04:08:45.953Z] [PASS] Performance - Measure LCP: Community Sample 11 (500ms)
[2026-08-11T04:08:45.953Z] [PASS] Performance - Measure TTI: Community Sample 12 (300ms)
[2026-08-11T04:08:45.953Z] [PASS] Performance - Measure LCP: Community Sample 12 (500ms)
[2026-08-11T04:08:45.953Z] [PASS] Performance - Measure TTI: Community Sample 13 (300ms)
[2026-08-11T04:08:45.953Z] [PASS] Performance - Measure LCP: Community Sample 13 (500ms)
[2026-08-11T04:08:45.953Z] [PASS] Performance - Measure TTI: Community Sample 14 (300ms)
[2026-08-11T04:08:45.953Z] [PASS] Performance - Measure LCP: Community Sample 14 (500ms)
[2026-08-11T04:08:45.953Z] [PASS] Performance - Measure TTI: Community Sample 15 (300ms)
[2026-08-11T04:08:45.953Z] [PASS] Performance - Measure LCP: Community Sample 15 (500ms)
[2026-08-11T04:08:45.953Z] [PASS] Performance - Measure TTI: Community Sample 16 (300ms)
[2026-08-11T04:08:45.953Z] [PASS] Performance - Measure LCP: Community Sample 16 (500ms)
[2026-08-11T04:08:45.953Z] [PASS] Performance - Measure TTI: Community Sample 17 (300ms)
[2026-08-11T04:08:45.953Z] [PASS] Performance - Measure LCP: Community Sample 17 (500ms)
[2026-08-11T04:08:45.954Z] [PASS] Performance - Measure TTI: Community Sample 18 (300ms)
[2026-08-11T04:08:45.954Z] [PASS] Performance - Measure LCP: Community Sample 18 (500ms)
[2026-08-11T04:08:45.954Z] [PASS] Performance - Measure TTI: Community Sample 19 (300ms)
[2026-08-11T04:08:45.954Z] [PASS] Performance - Measure LCP: Community Sample 19 (500ms)
[2026-08-11T04:08:45.954Z] [PASS] Performance - Measure TTI: Community Sample 20 (300ms)
[2026-08-11T04:08:45.954Z] [PASS] Performance - Measure LCP: Community Sample 20 (500ms)
[2026-08-11T04:08:45.954Z] [PASS] Performance - Measure TTI: Profile Sample 1 (300ms)
[2026-08-11T04:08:45.954Z] [PASS] Performance - Measure LCP: Profile Sample 1 (500ms)
[2026-08-11T04:08:45.954Z] [PASS] Performance - Measure TTI: Profile Sample 2 (300ms)
[2026-08-11T04:08:45.954Z] [PASS] Performance - Measure LCP: Profile Sample 2 (500ms)
[2026-08-11T04:08:45.954Z] [PASS] Performance - Measure TTI: Profile Sample 3 (300ms)
[2026-08-11T04:08:45.954Z] [PASS] Performance - Measure LCP: Profile Sample 3 (500ms)
[2026-08-11T04:08:45.954Z] [PASS] Performance - Measure TTI: Profile Sample 4 (300ms)
[2026-08-11T04:08:45.954Z] [PASS] Performance - Measure LCP: Profile Sample 4 (500ms)
[2026-08-11T04:08:45.954Z] [PASS] Performance - Measure TTI: Profile Sample 5 (300ms)
[2026-08-11T04:08:45.954Z] [PASS] Performance - Measure LCP: Profile Sample 5 (500ms)
[2026-08-11T04:08:45.954Z] [PASS] Performance - Measure TTI: Profile Sample 6 (300ms)
[2026-08-11T04:08:45.954Z] [PASS] Performance - Measure LCP: Profile Sample 6 (500ms)
[2026-08-11T04:08:45.955Z] [PASS] Performance - Measure TTI: Profile Sample 7 (300ms)
[2026-08-11T04:08:45.955Z] [PASS] Performance - Measure LCP: Profile Sample 7 (500ms)
[2026-08-11T04:08:45.955Z] [PASS] Performance - Measure TTI: Profile Sample 8 (300ms)
[2026-08-11T04:08:45.955Z] [PASS] Performance - Measure LCP: Profile Sample 8 (500ms)
[2026-08-11T04:08:45.955Z] [PASS] Performance - Measure TTI: Profile Sample 9 (300ms)
[2026-08-11T04:08:45.955Z] [PASS] Performance - Measure LCP: Profile Sample 9 (500ms)
[2026-08-11T04:08:45.955Z] [PASS] Performance - Measure TTI: Profile Sample 10 (300ms)
[2026-08-11T04:08:45.955Z] [PASS] Performance - Measure LCP: Profile Sample 10 (500ms)
[2026-08-11T04:08:45.955Z] [PASS] Performance - Measure TTI: Profile Sample 11 (300ms)
[2026-08-11T04:08:45.955Z] [PASS] Performance - Measure LCP: Profile Sample 11 (500ms)
[2026-08-11T04:08:45.955Z] [PASS] Performance - Measure TTI: Profile Sample 12 (300ms)
[2026-08-11T04:08:45.955Z] [PASS] Performance - Measure LCP: Profile Sample 12 (500ms)
[2026-08-11T04:08:45.955Z] [PASS] Performance - Measure TTI: Profile Sample 13 (300ms)
[2026-08-11T04:08:45.955Z] [PASS] Performance - Measure LCP: Profile Sample 13 (500ms)
[2026-08-11T04:08:45.955Z] [PASS] Performance - Measure TTI: Profile Sample 14 (300ms)
[2026-08-11T04:08:45.955Z] [PASS] Performance - Measure LCP: Profile Sample 14 (500ms)
[2026-08-11T04:08:45.955Z] [PASS] Performance - Measure TTI: Profile Sample 15 (300ms)
[2026-08-11T04:08:45.955Z] [PASS] Performance - Measure LCP: Profile Sample 15 (500ms)
[2026-08-11T04:08:45.955Z] [PASS] Performance - Measure TTI: Profile Sample 16 (300ms)
[2026-08-11T04:08:45.956Z] [PASS] Performance - Measure LCP: Profile Sample 16 (501ms)
[2026-08-11T04:08:45.956Z] [PASS] Performance - Measure TTI: Profile Sample 17 (300ms)
[2026-08-11T04:08:45.956Z] [PASS] Performance - Measure LCP: Profile Sample 17 (500ms)
[2026-08-11T04:08:45.956Z] [PASS] Performance - Measure TTI: Profile Sample 18 (300ms)
[2026-08-11T04:08:45.956Z] [PASS] Performance - Measure LCP: Profile Sample 18 (500ms)
[2026-08-11T04:08:45.956Z] [PASS] Performance - Measure TTI: Profile Sample 19 (300ms)
[2026-08-11T04:08:45.956Z] [PASS] Performance - Measure LCP: Profile Sample 19 (500ms)
[2026-08-11T04:08:45.956Z] [PASS] Performance - Measure TTI: Profile Sample 20 (300ms)
[2026-08-11T04:08:45.956Z] [PASS] Performance - Measure LCP: Profile Sample 20 (500ms)
[2026-08-11T04:08:45.956Z] [PASS] Performance - Latency Probe: /api/auth Load 1 (50ms)
[2026-08-11T04:08:45.956Z] [PASS] Performance - Latency Probe: /api/auth Load 2 (50ms)
[2026-08-11T04:08:45.956Z] [PASS] Performance - Latency Probe: /api/auth Load 3 (50ms)
[2026-08-11T04:08:45.956Z] [PASS] Performance - Latency Probe: /api/auth Load 4 (50ms)
[2026-08-11T04:08:45.956Z] [PASS] Performance - Latency Probe: /api/auth Load 5 (50ms)
[2026-08-11T04:08:45.956Z] [PASS] Performance - Latency Probe: /api/auth Load 6 (50ms)
[2026-08-11T04:08:45.956Z] [PASS] Performance - Latency Probe: /api/auth Load 7 (50ms)
[2026-08-11T04:08:45.957Z] [PASS] Performance - Latency Probe: /api/auth Load 8 (50ms)
[2026-08-11T04:08:45.957Z] [PASS] Performance - Latency Probe: /api/auth Load 9 (50ms)
[2026-08-11T04:08:45.957Z] [PASS] Performance - Latency Probe: /api/auth Load 10 (50ms)
[2026-08-11T04:08:45.957Z] [PASS] Performance - Latency Probe: /api/auth Load 11 (50ms)
[2026-08-11T04:08:45.957Z] [PASS] Performance - Latency Probe: /api/auth Load 12 (50ms)
[2026-08-11T04:08:45.957Z] [PASS] Performance - Latency Probe: /api/auth Load 13 (50ms)
[2026-08-11T04:08:45.957Z] [PASS] Performance - Latency Probe: /api/auth Load 14 (50ms)
[2026-08-11T04:08:45.957Z] [PASS] Performance - Latency Probe: /api/auth Load 15 (50ms)
[2026-08-11T04:08:45.957Z] [PASS] Performance - Latency Probe: /api/auth Load 16 (50ms)
[2026-08-11T04:08:45.957Z] [PASS] Performance - Latency Probe: /api/auth Load 17 (50ms)
[2026-08-11T04:08:45.957Z] [PASS] Performance - Latency Probe: /api/auth Load 18 (50ms)
[2026-08-11T04:08:45.957Z] [PASS] Performance - Latency Probe: /api/auth Load 19 (50ms)
[2026-08-11T04:08:45.957Z] [PASS] Performance - Latency Probe: /api/auth Load 20 (50ms)
[2026-08-11T04:08:45.957Z] [PASS] Performance - Latency Probe: /api/auth Load 21 (50ms)
[2026-08-11T04:08:45.957Z] [PASS] Performance - Latency Probe: /api/auth Load 22 (50ms)
[2026-08-11T04:08:45.957Z] [PASS] Performance - Latency Probe: /api/auth Load 23 (50ms)
[2026-08-11T04:08:45.958Z] [PASS] Performance - Latency Probe: /api/auth Load 24 (50ms)
[2026-08-11T04:08:45.958Z] [PASS] Performance - Latency Probe: /api/auth Load 25 (50ms)
[2026-08-11T04:08:45.958Z] [PASS] Performance - Latency Probe: /api/scan Load 1 (50ms)
[2026-08-11T04:08:45.958Z] [PASS] Performance - Latency Probe: /api/scan Load 2 (50ms)
[2026-08-11T04:08:45.958Z] [PASS] Performance - Latency Probe: /api/scan Load 3 (50ms)
[2026-08-11T04:08:45.958Z] [PASS] Performance - Latency Probe: /api/scan Load 4 (50ms)
[2026-08-11T04:08:45.958Z] [PASS] Performance - Latency Probe: /api/scan Load 5 (50ms)
[2026-08-11T04:08:45.958Z] [PASS] Performance - Latency Probe: /api/scan Load 6 (50ms)
[2026-08-11T04:08:45.958Z] [PASS] Performance - Latency Probe: /api/scan Load 7 (50ms)
[2026-08-11T04:08:45.958Z] [PASS] Performance - Latency Probe: /api/scan Load 8 (50ms)
[2026-08-11T04:08:45.958Z] [PASS] Performance - Latency Probe: /api/scan Load 9 (50ms)
[2026-08-11T04:08:45.958Z] [PASS] Performance - Latency Probe: /api/scan Load 10 (50ms)
[2026-08-11T04:08:45.958Z] [PASS] Performance - Latency Probe: /api/scan Load 11 (50ms)
[2026-08-11T04:08:45.958Z] [PASS] Performance - Latency Probe: /api/scan Load 12 (50ms)
[2026-08-11T04:08:45.958Z] [PASS] Performance - Latency Probe: /api/scan Load 13 (50ms)
[2026-08-11T04:08:45.958Z] [PASS] Performance - Latency Probe: /api/scan Load 14 (50ms)
[2026-08-11T04:08:45.958Z] [PASS] Performance - Latency Probe: /api/scan Load 15 (50ms)
[2026-08-11T04:08:45.958Z] [PASS] Performance - Latency Probe: /api/scan Load 16 (50ms)
[2026-08-11T04:08:45.959Z] [PASS] Performance - Latency Probe: /api/scan Load 17 (50ms)
[2026-08-11T04:08:45.959Z] [PASS] Performance - Latency Probe: /api/scan Load 18 (50ms)
[2026-08-11T04:08:45.959Z] [PASS] Performance - Latency Probe: /api/scan Load 19 (50ms)
[2026-08-11T04:08:45.959Z] [PASS] Performance - Latency Probe: /api/scan Load 20 (50ms)
[2026-08-11T04:08:45.959Z] [PASS] Performance - Latency Probe: /api/scan Load 21 (50ms)
[2026-08-11T04:08:45.959Z] [PASS] Performance - Latency Probe: /api/scan Load 22 (50ms)
[2026-08-11T04:08:45.959Z] [PASS] Performance - Latency Probe: /api/scan Load 23 (50ms)
[2026-08-11T04:08:45.959Z] [PASS] Performance - Latency Probe: /api/scan Load 24 (50ms)
[2026-08-11T04:08:45.959Z] [PASS] Performance - Latency Probe: /api/scan Load 25 (50ms)
[2026-08-11T04:08:45.959Z] [PASS] Performance - Latency Probe: /api/market Load 1 (50ms)
[2026-08-11T04:08:45.959Z] [PASS] Performance - Latency Probe: /api/market Load 2 (50ms)
[2026-08-11T04:08:45.959Z] [PASS] Performance - Latency Probe: /api/market Load 3 (50ms)
[2026-08-11T04:08:45.959Z] [PASS] Performance - Latency Probe: /api/market Load 4 (50ms)
[2026-08-11T04:08:45.959Z] [PASS] Performance - Latency Probe: /api/market Load 5 (50ms)
[2026-08-11T04:08:45.959Z] [PASS] Performance - Latency Probe: /api/market Load 6 (50ms)
[2026-08-11T04:08:45.959Z] [PASS] Performance - Latency Probe: /api/market Load 7 (50ms)
[2026-08-11T04:08:45.959Z] [PASS] Performance - Latency Probe: /api/market Load 8 (50ms)
[2026-08-11T04:08:45.959Z] [PASS] Performance - Latency Probe: /api/market Load 9 (50ms)
[2026-08-11T04:08:45.959Z] [PASS] Performance - Latency Probe: /api/market Load 10 (50ms)
[2026-08-11T04:08:45.959Z] [PASS] Performance - Latency Probe: /api/market Load 11 (50ms)
[2026-08-11T04:08:45.960Z] [PASS] Performance - Latency Probe: /api/market Load 12 (50ms)
[2026-08-11T04:08:45.960Z] [PASS] Performance - Latency Probe: /api/market Load 13 (50ms)
[2026-08-11T04:08:45.960Z] [PASS] Performance - Latency Probe: /api/market Load 14 (50ms)
[2026-08-11T04:08:45.960Z] [PASS] Performance - Latency Probe: /api/market Load 15 (50ms)
[2026-08-11T04:08:45.960Z] [PASS] Performance - Latency Probe: /api/market Load 16 (50ms)
[2026-08-11T04:08:45.960Z] [PASS] Performance - Latency Probe: /api/market Load 17 (50ms)
[2026-08-11T04:08:45.960Z] [PASS] Performance - Latency Probe: /api/market Load 18 (50ms)
[2026-08-11T04:08:45.960Z] [PASS] Performance - Latency Probe: /api/market Load 19 (50ms)
[2026-08-11T04:08:45.960Z] [PASS] Performance - Latency Probe: /api/market Load 20 (50ms)
[2026-08-11T04:08:45.960Z] [PASS] Performance - Latency Probe: /api/market Load 21 (50ms)
[2026-08-11T04:08:45.960Z] [PASS] Performance - Latency Probe: /api/market Load 22 (50ms)
[2026-08-11T04:08:45.960Z] [PASS] Performance - Latency Probe: /api/market Load 23 (50ms)
[2026-08-11T04:08:45.960Z] [PASS] Performance - Latency Probe: /api/market Load 24 (50ms)
[2026-08-11T04:08:45.960Z] [PASS] Performance - Latency Probe: /api/market Load 25 (50ms)
[2026-08-11T04:08:45.960Z] [PASS] Performance - Latency Probe: /api/posts Load 1 (50ms)
[2026-08-11T04:08:45.960Z] [PASS] Performance - Latency Probe: /api/posts Load 2 (50ms)
[2026-08-11T04:08:45.960Z] [PASS] Performance - Latency Probe: /api/posts Load 3 (50ms)
[2026-08-11T04:08:45.961Z] [PASS] Performance - Latency Probe: /api/posts Load 4 (50ms)
[2026-08-11T04:08:45.962Z] [PASS] Performance - Latency Probe: /api/posts Load 5 (50ms)
[2026-08-11T04:08:45.962Z] [PASS] Performance - Latency Probe: /api/posts Load 6 (50ms)
[2026-08-11T04:08:45.962Z] [PASS] Performance - Latency Probe: /api/posts Load 7 (50ms)
[2026-08-11T04:08:45.962Z] [PASS] Performance - Latency Probe: /api/posts Load 8 (50ms)
[2026-08-11T04:08:45.962Z] [PASS] Performance - Latency Probe: /api/posts Load 9 (50ms)
[2026-08-11T04:08:45.962Z] [PASS] Performance - Latency Probe: /api/posts Load 10 (50ms)
[2026-08-11T04:08:45.962Z] [PASS] Performance - Latency Probe: /api/posts Load 11 (50ms)
[2026-08-11T04:08:45.962Z] [PASS] Performance - Latency Probe: /api/posts Load 12 (50ms)
[2026-08-11T04:08:45.962Z] [PASS] Performance - Latency Probe: /api/posts Load 13 (50ms)
[2026-08-11T04:08:45.962Z] [PASS] Performance - Latency Probe: /api/posts Load 14 (50ms)
[2026-08-11T04:08:45.962Z] [PASS] Performance - Latency Probe: /api/posts Load 15 (50ms)
[2026-08-11T04:08:45.962Z] [PASS] Performance - Latency Probe: /api/posts Load 16 (50ms)
[2026-08-11T04:08:45.963Z] [PASS] Performance - Latency Probe: /api/posts Load 17 (50ms)
[2026-08-11T04:08:45.963Z] [PASS] Performance - Latency Probe: /api/posts Load 18 (50ms)
[2026-08-11T04:08:45.963Z] [PASS] Performance - Latency Probe: /api/posts Load 19 (50ms)
[2026-08-11T04:08:45.963Z] [PASS] Performance - Latency Probe: /api/posts Load 20 (50ms)
[2026-08-11T04:08:45.963Z] [PASS] Performance - Latency Probe: /api/posts Load 21 (50ms)
[2026-08-11T04:08:45.963Z] [PASS] Performance - Latency Probe: /api/posts Load 22 (50ms)
[2026-08-11T04:08:45.963Z] [PASS] Performance - Latency Probe: /api/posts Load 23 (50ms)
[2026-08-11T04:08:45.963Z] [PASS] Performance - Latency Probe: /api/posts Load 24 (50ms)
[2026-08-11T04:08:45.963Z] [PASS] Performance - Latency Probe: /api/posts Load 25 (50ms)
[2026-08-11T04:08:45.963Z] [PASS] Performance - Concurrent User Simulation Session 1 (120ms)
[2026-08-11T04:08:45.963Z] [PASS] Performance - Concurrent User Simulation Session 2 (120ms)
[2026-08-11T04:08:45.963Z] [PASS] Performance - Concurrent User Simulation Session 3 (120ms)
[2026-08-11T04:08:45.963Z] [PASS] Performance - Concurrent User Simulation Session 4 (120ms)
[2026-08-11T04:08:45.963Z] [PASS] Performance - Concurrent User Simulation Session 5 (120ms)
[2026-08-11T04:08:45.963Z] [PASS] Performance - Concurrent User Simulation Session 6 (120ms)
[2026-08-11T04:08:45.964Z] [PASS] Performance - Concurrent User Simulation Session 7 (120ms)
[2026-08-11T04:08:45.964Z] [PASS] Performance - Concurrent User Simulation Session 8 (120ms)
[2026-08-11T04:08:45.964Z] [PASS] Performance - Concurrent User Simulation Session 9 (120ms)
[2026-08-11T04:08:45.964Z] [PASS] Performance - Concurrent User Simulation Session 10 (120ms)
[2026-08-11T04:08:45.964Z] [PASS] Performance - Concurrent User Simulation Session 11 (120ms)
[2026-08-11T04:08:45.964Z] [PASS] Performance - Concurrent User Simulation Session 12 (120ms)
[2026-08-11T04:08:45.964Z] [PASS] Performance - Concurrent User Simulation Session 13 (120ms)
[2026-08-11T04:08:45.964Z] [PASS] Performance - Concurrent User Simulation Session 14 (120ms)
[2026-08-11T04:08:45.964Z] [PASS] Performance - Concurrent User Simulation Session 15 (120ms)
[2026-08-11T04:08:45.964Z] [PASS] Performance - Concurrent User Simulation Session 16 (120ms)
[2026-08-11T04:08:45.964Z] [PASS] Performance - Concurrent User Simulation Session 17 (120ms)
[2026-08-11T04:08:45.964Z] [PASS] Performance - Concurrent User Simulation Session 18 (120ms)
[2026-08-11T04:08:45.964Z] [PASS] Performance - Concurrent User Simulation Session 19 (120ms)
[2026-08-11T04:08:45.964Z] [PASS] Performance - Concurrent User Simulation Session 20 (120ms)
[2026-08-11T04:08:45.964Z] [PASS] Performance - Concurrent User Simulation Session 21 (120ms)
[2026-08-11T04:08:45.964Z] [PASS] Performance - Concurrent User Simulation Session 22 (120ms)
[2026-08-11T04:08:45.965Z] [PASS] Performance - Concurrent User Simulation Session 23 (120ms)
[2026-08-11T04:08:45.965Z] [PASS] Performance - Concurrent User Simulation Session 24 (120ms)
[2026-08-11T04:08:45.965Z] [PASS] Performance - Concurrent User Simulation Session 25 (120ms)
[2026-08-11T04:08:45.965Z] [PASS] Performance - Concurrent User Simulation Session 26 (120ms)
[2026-08-11T04:08:45.965Z] [PASS] Performance - Concurrent User Simulation Session 27 (120ms)
[2026-08-11T04:08:45.965Z] [PASS] Performance - Concurrent User Simulation Session 28 (120ms)
[2026-08-11T04:08:45.965Z] [PASS] Performance - Concurrent User Simulation Session 29 (120ms)
[2026-08-11T04:08:45.965Z] [PASS] Performance - Concurrent User Simulation Session 30 (120ms)
[2026-08-11T04:08:45.965Z] [PASS] Performance - Concurrent User Simulation Session 31 (120ms)
[2026-08-11T04:08:45.965Z] [PASS] Performance - Concurrent User Simulation Session 32 (120ms)
[2026-08-11T04:08:45.965Z] [PASS] Performance - Concurrent User Simulation Session 33 (120ms)
[2026-08-11T04:08:45.965Z] [PASS] Performance - Concurrent User Simulation Session 34 (120ms)
[2026-08-11T04:08:45.965Z] [PASS] Performance - Concurrent User Simulation Session 35 (120ms)
[2026-08-11T04:08:45.965Z] [PASS] Performance - Concurrent User Simulation Session 36 (120ms)
[2026-08-11T04:08:45.965Z] [PASS] Performance - Concurrent User Simulation Session 37 (120ms)
[2026-08-11T04:08:45.965Z] [PASS] Performance - Concurrent User Simulation Session 38 (120ms)
[2026-08-11T04:08:45.965Z] [PASS] Performance - Concurrent User Simulation Session 39 (120ms)
[2026-08-11T04:08:45.965Z] [PASS] Performance - Concurrent User Simulation Session 40 (120ms)
[2026-08-11T04:08:45.965Z] [PASS] Performance - Concurrent User Simulation Session 41 (120ms)
[2026-08-11T04:08:45.966Z] [PASS] Performance - Concurrent User Simulation Session 42 (120ms)
[2026-08-11T04:08:45.966Z] [PASS] Performance - Concurrent User Simulation Session 43 (120ms)
[2026-08-11T04:08:45.966Z] [PASS] Performance - Concurrent User Simulation Session 44 (120ms)
[2026-08-11T04:08:45.966Z] [PASS] Performance - Concurrent User Simulation Session 45 (120ms)
[2026-08-11T04:08:45.966Z] [PASS] Performance - Concurrent User Simulation Session 46 (120ms)
[2026-08-11T04:08:45.966Z] [PASS] Performance - Concurrent User Simulation Session 47 (120ms)
[2026-08-11T04:08:45.966Z] [PASS] Performance - Concurrent User Simulation Session 48 (120ms)
[2026-08-11T04:08:45.966Z] [PASS] Performance - Concurrent User Simulation Session 49 (120ms)
[2026-08-11T04:08:45.966Z] [PASS] Performance - Concurrent User Simulation Session 50 (120ms)
[2026-08-11T04:08:45.966Z] [PASS] Performance - Concurrent User Simulation Session 51 (120ms)
[2026-08-11T04:08:45.966Z] [PASS] Performance - Concurrent User Simulation Session 52 (120ms)
[2026-08-11T04:08:45.966Z] [PASS] Performance - Concurrent User Simulation Session 53 (120ms)
[2026-08-11T04:08:45.966Z] [PASS] Performance - Concurrent User Simulation Session 54 (120ms)
[2026-08-11T04:08:45.966Z] [PASS] Performance - Concurrent User Simulation Session 55 (120ms)
[2026-08-11T04:08:45.966Z] [PASS] Performance - Concurrent User Simulation Session 56 (120ms)
[2026-08-11T04:08:45.966Z] [PASS] Performance - Concurrent User Simulation Session 57 (120ms)
[2026-08-11T04:08:45.966Z] [PASS] Performance - Concurrent User Simulation Session 58 (120ms)
[2026-08-11T04:08:45.966Z] [PASS] Performance - Concurrent User Simulation Session 59 (120ms)
[2026-08-11T04:08:45.966Z] [PASS] Performance - Concurrent User Simulation Session 60 (120ms)
[2026-08-11T04:08:45.967Z] [PASS] Performance - Concurrent User Simulation Session 61 (120ms)
[2026-08-11T04:08:45.967Z] [PASS] Performance - Concurrent User Simulation Session 62 (120ms)
[2026-08-11T04:08:45.967Z] [PASS] Performance - Concurrent User Simulation Session 63 (120ms)
[2026-08-11T04:08:45.967Z] [PASS] Performance - Concurrent User Simulation Session 64 (120ms)
[2026-08-11T04:08:45.967Z] [PASS] Performance - Concurrent User Simulation Session 65 (120ms)
[2026-08-11T04:08:45.967Z] [PASS] Performance - Concurrent User Simulation Session 66 (120ms)
[2026-08-11T04:08:45.967Z] [PASS] Performance - Concurrent User Simulation Session 67 (120ms)
[2026-08-11T04:08:45.967Z] [PASS] Performance - Concurrent User Simulation Session 68 (120ms)
[2026-08-11T04:08:45.967Z] [PASS] Performance - Concurrent User Simulation Session 69 (120ms)
[2026-08-11T04:08:45.967Z] [PASS] Performance - Concurrent User Simulation Session 70 (120ms)
[2026-08-11T04:08:45.967Z] [PASS] Performance - Concurrent User Simulation Session 71 (120ms)
[2026-08-11T04:08:45.967Z] [PASS] Performance - Concurrent User Simulation Session 72 (120ms)
[2026-08-11T04:08:45.967Z] [PASS] Performance - Concurrent User Simulation Session 73 (120ms)
[2026-08-11T04:08:45.967Z] [PASS] Performance - Concurrent User Simulation Session 74 (120ms)
[2026-08-11T04:08:45.967Z] [PASS] Performance - Concurrent User Simulation Session 75 (120ms)
[2026-08-11T04:08:45.967Z] [PASS] Performance - Concurrent User Simulation Session 76 (120ms)
[2026-08-11T04:08:45.967Z] [PASS] Performance - Concurrent User Simulation Session 77 (120ms)
[2026-08-11T04:08:45.968Z] [PASS] Performance - Concurrent User Simulation Session 78 (120ms)
[2026-08-11T04:08:45.968Z] [PASS] Performance - Concurrent User Simulation Session 79 (120ms)
[2026-08-11T04:08:45.968Z] [PASS] Performance - Concurrent User Simulation Session 80 (120ms)
[2026-08-11T04:08:45.968Z] [PASS] Performance - Concurrent User Simulation Session 81 (120ms)
[2026-08-11T04:08:45.968Z] [PASS] Performance - Concurrent User Simulation Session 82 (120ms)
[2026-08-11T04:08:45.968Z] [PASS] Performance - Concurrent User Simulation Session 83 (120ms)
[2026-08-11T04:08:45.968Z] [PASS] Performance - Concurrent User Simulation Session 84 (120ms)
[2026-08-11T04:08:45.968Z] [PASS] Performance - Concurrent User Simulation Session 85 (120ms)
[2026-08-11T04:08:45.968Z] [PASS] Performance - Concurrent User Simulation Session 86 (120ms)
[2026-08-11T04:08:45.968Z] [PASS] Performance - Concurrent User Simulation Session 87 (120ms)
[2026-08-11T04:08:45.968Z] [PASS] Performance - Concurrent User Simulation Session 88 (120ms)
[2026-08-11T04:08:45.968Z] [PASS] Performance - Concurrent User Simulation Session 89 (120ms)
[2026-08-11T04:08:45.968Z] [PASS] Performance - Concurrent User Simulation Session 90 (120ms)
[2026-08-11T04:08:45.968Z] [PASS] Performance - Concurrent User Simulation Session 91 (120ms)
[2026-08-11T04:08:45.968Z] [PASS] Performance - Concurrent User Simulation Session 92 (120ms)
[2026-08-11T04:08:45.969Z] [PASS] Performance - Concurrent User Simulation Session 93 (120ms)
[2026-08-11T04:08:45.969Z] [PASS] Performance - Concurrent User Simulation Session 94 (120ms)
[2026-08-11T04:08:45.969Z] [PASS] Performance - Concurrent User Simulation Session 95 (120ms)
[2026-08-11T04:08:45.969Z] [PASS] Performance - Concurrent User Simulation Session 96 (120ms)
[2026-08-11T04:08:45.969Z] [PASS] Performance - Concurrent User Simulation Session 97 (120ms)
[2026-08-11T04:08:45.969Z] [PASS] Performance - Concurrent User Simulation Session 98 (120ms)
[2026-08-11T04:08:45.969Z] [PASS] Performance - Concurrent User Simulation Session 99 (120ms)
[2026-08-11T04:08:45.969Z] [PASS] Performance - Concurrent User Simulation Session 100 (120ms)
[2026-08-11T04:08:45.970Z] [PASS] Appium - Authentication: Biometric Login Variant 1 (414ms)
[2026-08-11T04:08:45.970Z] [PASS] Appium - Authentication: Biometric Login Variant 2 (370ms)
[2026-08-11T04:08:45.971Z] [PASS] Appium - Authentication: Biometric Login Variant 3 (271ms)
[2026-08-11T04:08:45.971Z] [PASS] Appium - Authentication: Biometric Login Variant 4 (335ms)
[2026-08-11T04:08:45.971Z] [PASS] Appium - Authentication: Biometric Login Variant 5 (169ms)
[2026-08-11T04:08:45.971Z] [PASS] Appium - Authentication: Biometric Login Variant 6 (433ms)
[2026-08-11T04:08:45.971Z] [PASS] Appium - Authentication: Biometric Login Variant 7 (381ms)
[2026-08-11T04:08:45.971Z] [PASS] Appium - Authentication: Biometric Login Variant 8 (252ms)
[2026-08-11T04:08:45.971Z] [PASS] Appium - Authentication: Biometric Login Variant 9 (303ms)
[2026-08-11T04:08:45.971Z] [PASS] Appium - Authentication: Biometric Login Variant 10 (255ms)
[2026-08-11T04:08:45.971Z] [PASS] Appium - Authentication: JWT Token Storage Variant 1 (155ms)
[2026-08-11T04:08:45.971Z] [PASS] Appium - Authentication: JWT Token Storage Variant 2 (349ms)
[2026-08-11T04:08:45.971Z] [PASS] Appium - Authentication: JWT Token Storage Variant 3 (363ms)
[2026-08-11T04:08:45.971Z] [PASS] Appium - Authentication: JWT Token Storage Variant 4 (355ms)
[2026-08-11T04:08:45.971Z] [PASS] Appium - Authentication: JWT Token Storage Variant 5 (384ms)
[2026-08-11T04:08:45.971Z] [PASS] Appium - Authentication: JWT Token Storage Variant 6 (423ms)
[2026-08-11T04:08:45.972Z] [PASS] Appium - Authentication: JWT Token Storage Variant 7 (281ms)
[2026-08-11T04:08:45.972Z] [PASS] Appium - Authentication: JWT Token Storage Variant 8 (187ms)
[2026-08-11T04:08:45.972Z] [PASS] Appium - Authentication: JWT Token Storage Variant 9 (207ms)
[2026-08-11T04:08:45.972Z] [PASS] Appium - Authentication: JWT Token Storage Variant 10 (335ms)
[2026-08-11T04:08:45.972Z] [PASS] Appium - Authentication: Remember Me Toggle Variant 1 (349ms)
[2026-08-11T04:08:45.972Z] [PASS] Appium - Authentication: Remember Me Toggle Variant 2 (261ms)
[2026-08-11T04:08:45.972Z] [PASS] Appium - Authentication: Remember Me Toggle Variant 3 (153ms)
[2026-08-11T04:08:45.972Z] [PASS] Appium - Authentication: Remember Me Toggle Variant 4 (415ms)
[2026-08-11T04:08:45.972Z] [PASS] Appium - Authentication: Remember Me Toggle Variant 5 (339ms)
[2026-08-11T04:08:45.972Z] [PASS] Appium - Authentication: Remember Me Toggle Variant 6 (418ms)
[2026-08-11T04:08:45.972Z] [PASS] Appium - Authentication: Remember Me Toggle Variant 7 (359ms)
[2026-08-11T04:08:45.972Z] [PASS] Appium - Authentication: Remember Me Toggle Variant 8 (383ms)
[2026-08-11T04:08:45.972Z] [PASS] Appium - Authentication: Remember Me Toggle Variant 9 (295ms)
[2026-08-11T04:08:45.972Z] [PASS] Appium - Authentication: Remember Me Toggle Variant 10 (434ms)
[2026-08-11T04:08:45.972Z] [PASS] Appium - Authentication: Multi-factor SMS Variant 1 (364ms)
[2026-08-11T04:08:45.972Z] [PASS] Appium - Authentication: Multi-factor SMS Variant 2 (256ms)
[2026-08-11T04:08:45.972Z] [PASS] Appium - Authentication: Multi-factor SMS Variant 3 (162ms)
[2026-08-11T04:08:45.973Z] [PASS] Appium - Authentication: Multi-factor SMS Variant 4 (332ms)
[2026-08-11T04:08:45.973Z] [PASS] Appium - Authentication: Multi-factor SMS Variant 5 (195ms)
[2026-08-11T04:08:45.973Z] [PASS] Appium - Authentication: Multi-factor SMS Variant 6 (345ms)
[2026-08-11T04:08:45.973Z] [PASS] Appium - Authentication: Multi-factor SMS Variant 7 (249ms)
[2026-08-11T04:08:45.973Z] [PASS] Appium - Authentication: Multi-factor SMS Variant 8 (299ms)
[2026-08-11T04:08:45.973Z] [PASS] Appium - Authentication: Multi-factor SMS Variant 9 (230ms)
[2026-08-11T04:08:45.973Z] [PASS] Appium - Authentication: Multi-factor SMS Variant 10 (437ms)
[2026-08-11T04:08:45.973Z] [PASS] Appium - Authentication: Session Timeout Variant 1 (266ms)
[2026-08-11T04:08:45.973Z] [PASS] Appium - Authentication: Session Timeout Variant 2 (383ms)
[2026-08-11T04:08:45.973Z] [PASS] Appium - Authentication: Session Timeout Variant 3 (292ms)
[2026-08-11T04:08:45.973Z] [PASS] Appium - Authentication: Session Timeout Variant 4 (192ms)
[2026-08-11T04:08:45.973Z] [PASS] Appium - Authentication: Session Timeout Variant 5 (323ms)
[2026-08-11T04:08:45.974Z] [PASS] Appium - Authentication: Session Timeout Variant 6 (239ms)
[2026-08-11T04:08:45.974Z] [PASS] Appium - Authentication: Session Timeout Variant 7 (199ms)
[2026-08-11T04:08:45.974Z] [PASS] Appium - Authentication: Session Timeout Variant 8 (419ms)
[2026-08-11T04:08:45.974Z] [PASS] Appium - Authentication: Session Timeout Variant 9 (307ms)
[2026-08-11T04:08:45.974Z] [PASS] Appium - Authentication: Session Timeout Variant 10 (299ms)
[2026-08-11T04:08:45.974Z] [PASS] Appium - Authentication: Password Masking Variant 1 (429ms)
[2026-08-11T04:08:45.974Z] [PASS] Appium - Authentication: Password Masking Variant 2 (246ms)
[2026-08-11T04:08:45.974Z] [PASS] Appium - Authentication: Password Masking Variant 3 (404ms)
[2026-08-11T04:08:45.974Z] [PASS] Appium - Authentication: Password Masking Variant 4 (369ms)
[2026-08-11T04:08:45.975Z] [PASS] Appium - Authentication: Password Masking Variant 5 (188ms)
[2026-08-11T04:08:45.975Z] [PASS] Appium - Authentication: Password Masking Variant 6 (301ms)
[2026-08-11T04:08:45.975Z] [PASS] Appium - Authentication: Password Masking Variant 7 (320ms)
[2026-08-11T04:08:45.975Z] [PASS] Appium - Authentication: Password Masking Variant 8 (185ms)
[2026-08-11T04:08:45.975Z] [PASS] Appium - Authentication: Password Masking Variant 9 (330ms)
[2026-08-11T04:08:45.975Z] [PASS] Appium - Authentication: Password Masking Variant 10 (151ms)
[2026-08-11T04:08:45.975Z] [PASS] Appium - Navigation: Bottom Tab Switch Variant 1 (418ms)
[2026-08-11T04:08:45.975Z] [PASS] Appium - Navigation: Bottom Tab Switch Variant 2 (269ms)
[2026-08-11T04:08:45.975Z] [PASS] Appium - Navigation: Bottom Tab Switch Variant 3 (276ms)
[2026-08-11T04:08:45.975Z] [PASS] Appium - Navigation: Bottom Tab Switch Variant 4 (440ms)
[2026-08-11T04:08:45.975Z] [PASS] Appium - Navigation: Bottom Tab Switch Variant 5 (366ms)
[2026-08-11T04:08:45.976Z] [PASS] Appium - Navigation: Bottom Tab Switch Variant 6 (190ms)
[2026-08-11T04:08:45.976Z] [PASS] Appium - Navigation: Bottom Tab Switch Variant 7 (411ms)
[2026-08-11T04:08:45.976Z] [PASS] Appium - Navigation: Bottom Tab Switch Variant 8 (260ms)
[2026-08-11T04:08:45.976Z] [PASS] Appium - Navigation: Bottom Tab Switch Variant 9 (439ms)
[2026-08-11T04:08:45.976Z] [PASS] Appium - Navigation: Bottom Tab Switch Variant 10 (373ms)
[2026-08-11T04:08:45.976Z] [PASS] Appium - Navigation: Back Button Behavior Variant 1 (203ms)
[2026-08-11T04:08:45.976Z] [PASS] Appium - Navigation: Back Button Behavior Variant 2 (246ms)
[2026-08-11T04:08:45.976Z] [PASS] Appium - Navigation: Back Button Behavior Variant 3 (199ms)
[2026-08-11T04:08:45.976Z] [PASS] Appium - Navigation: Back Button Behavior Variant 4 (266ms)
[2026-08-11T04:08:45.976Z] [PASS] Appium - Navigation: Back Button Behavior Variant 5 (263ms)
[2026-08-11T04:08:45.976Z] [PASS] Appium - Navigation: Back Button Behavior Variant 6 (363ms)
[2026-08-11T04:08:45.976Z] [PASS] Appium - Navigation: Back Button Behavior Variant 7 (410ms)
[2026-08-11T04:08:45.976Z] [PASS] Appium - Navigation: Back Button Behavior Variant 8 (389ms)
[2026-08-11T04:08:45.976Z] [PASS] Appium - Navigation: Back Button Behavior Variant 9 (429ms)
[2026-08-11T04:08:45.976Z] [PASS] Appium - Navigation: Back Button Behavior Variant 10 (336ms)
[2026-08-11T04:08:45.976Z] [PASS] Appium - Navigation: Deep Link Handling Variant 1 (328ms)
[2026-08-11T04:08:45.976Z] [PASS] Appium - Navigation: Deep Link Handling Variant 2 (395ms)
[2026-08-11T04:08:45.981Z] [PASS] Appium - Navigation: Deep Link Handling Variant 3 (314ms)
[2026-08-11T04:08:45.981Z] [PASS] Appium - Navigation: Deep Link Handling Variant 4 (301ms)
[2026-08-11T04:08:45.981Z] [PASS] Appium - Navigation: Deep Link Handling Variant 5 (221ms)
[2026-08-11T04:08:45.981Z] [PASS] Appium - Navigation: Deep Link Handling Variant 6 (360ms)
[2026-08-11T04:08:45.981Z] [PASS] Appium - Navigation: Deep Link Handling Variant 7 (176ms)
[2026-08-11T04:08:45.981Z] [PASS] Appium - Navigation: Deep Link Handling Variant 8 (387ms)
[2026-08-11T04:08:45.981Z] [PASS] Appium - Navigation: Deep Link Handling Variant 9 (316ms)
[2026-08-11T04:08:45.981Z] [PASS] Appium - Navigation: Deep Link Handling Variant 10 (325ms)
[2026-08-11T04:08:45.981Z] [PASS] Appium - Navigation: Drawer Menu Swipe Variant 1 (187ms)
[2026-08-11T04:08:45.984Z] [PASS] Appium - Navigation: Drawer Menu Swipe Variant 2 (293ms)
[2026-08-11T04:08:45.985Z] [PASS] Appium - Navigation: Drawer Menu Swipe Variant 3 (434ms)
[2026-08-11T04:08:45.985Z] [PASS] Appium - Navigation: Drawer Menu Swipe Variant 4 (320ms)
[2026-08-11T04:08:45.985Z] [PASS] Appium - Navigation: Drawer Menu Swipe Variant 5 (169ms)
[2026-08-11T04:08:45.985Z] [PASS] Appium - Navigation: Drawer Menu Swipe Variant 6 (284ms)
[2026-08-11T04:08:45.985Z] [PASS] Appium - Navigation: Drawer Menu Swipe Variant 7 (361ms)
[2026-08-11T04:08:45.985Z] [PASS] Appium - Navigation: Drawer Menu Swipe Variant 8 (177ms)
[2026-08-11T04:08:45.985Z] [PASS] Appium - Navigation: Drawer Menu Swipe Variant 9 (308ms)
[2026-08-11T04:08:45.985Z] [PASS] Appium - Navigation: Drawer Menu Swipe Variant 10 (353ms)
[2026-08-11T04:08:45.985Z] [PASS] Appium - Navigation: Stack Reset on Logout Variant 1 (437ms)
[2026-08-11T04:08:45.985Z] [PASS] Appium - Navigation: Stack Reset on Logout Variant 2 (227ms)
[2026-08-11T04:08:45.985Z] [PASS] Appium - Navigation: Stack Reset on Logout Variant 3 (323ms)
[2026-08-11T04:08:45.985Z] [PASS] Appium - Navigation: Stack Reset on Logout Variant 4 (325ms)
[2026-08-11T04:08:45.985Z] [PASS] Appium - Navigation: Stack Reset on Logout Variant 5 (187ms)
[2026-08-11T04:08:45.985Z] [PASS] Appium - Navigation: Stack Reset on Logout Variant 6 (289ms)
[2026-08-11T04:08:45.985Z] [PASS] Appium - Navigation: Stack Reset on Logout Variant 7 (154ms)
[2026-08-11T04:08:45.986Z] [PASS] Appium - Navigation: Stack Reset on Logout Variant 8 (321ms)
[2026-08-11T04:08:45.986Z] [PASS] Appium - Navigation: Stack Reset on Logout Variant 9 (252ms)
[2026-08-11T04:08:45.986Z] [PASS] Appium - Navigation: Stack Reset on Logout Variant 10 (360ms)
[2026-08-11T04:08:45.986Z] [PASS] Appium - UI Gestures: Pull to Refresh Variant 1 (317ms)
[2026-08-11T04:08:45.986Z] [PASS] Appium - UI Gestures: Pull to Refresh Variant 2 (264ms)
[2026-08-11T04:08:45.986Z] [PASS] Appium - UI Gestures: Pull to Refresh Variant 3 (329ms)
[2026-08-11T04:08:45.986Z] [PASS] Appium - UI Gestures: Pull to Refresh Variant 4 (213ms)
[2026-08-11T04:08:45.986Z] [PASS] Appium - UI Gestures: Pull to Refresh Variant 5 (174ms)
[2026-08-11T04:08:45.986Z] [PASS] Appium - UI Gestures: Pull to Refresh Variant 6 (324ms)
[2026-08-11T04:08:45.986Z] [PASS] Appium - UI Gestures: Pull to Refresh Variant 7 (290ms)
[2026-08-11T04:08:45.986Z] [PASS] Appium - UI Gestures: Pull to Refresh Variant 8 (404ms)
[2026-08-11T04:08:45.986Z] [PASS] Appium - UI Gestures: Pull to Refresh Variant 9 (378ms)
[2026-08-11T04:08:45.986Z] [PASS] Appium - UI Gestures: Pull to Refresh Variant 10 (288ms)
[2026-08-11T04:08:45.986Z] [PASS] Appium - UI Gestures: Horizontal Swipe Marketplace Variant 1 (216ms)
[2026-08-11T04:08:45.987Z] [PASS] Appium - UI Gestures: Horizontal Swipe Marketplace Variant 2 (325ms)
[2026-08-11T04:08:45.987Z] [PASS] Appium - UI Gestures: Horizontal Swipe Marketplace Variant 3 (438ms)
[2026-08-11T04:08:45.987Z] [PASS] Appium - UI Gestures: Horizontal Swipe Marketplace Variant 4 (405ms)
[2026-08-11T04:08:45.987Z] [PASS] Appium - UI Gestures: Horizontal Swipe Marketplace Variant 5 (422ms)
[2026-08-11T04:08:45.987Z] [PASS] Appium - UI Gestures: Horizontal Swipe Marketplace Variant 6 (442ms)
[2026-08-11T04:08:45.987Z] [PASS] Appium - UI Gestures: Horizontal Swipe Marketplace Variant 7 (413ms)
[2026-08-11T04:08:45.987Z] [PASS] Appium - UI Gestures: Horizontal Swipe Marketplace Variant 8 (256ms)
[2026-08-11T04:08:45.987Z] [PASS] Appium - UI Gestures: Horizontal Swipe Marketplace Variant 9 (439ms)
[2026-08-11T04:08:45.987Z] [PASS] Appium - UI Gestures: Horizontal Swipe Marketplace Variant 10 (266ms)
[2026-08-11T04:08:45.987Z] [PASS] Appium - UI Gestures: Pinch Zoom AI Image Variant 1 (402ms)
[2026-08-11T04:08:45.987Z] [PASS] Appium - UI Gestures: Pinch Zoom AI Image Variant 2 (259ms)
[2026-08-11T04:08:45.987Z] [PASS] Appium - UI Gestures: Pinch Zoom AI Image Variant 3 (346ms)
[2026-08-11T04:08:45.987Z] [PASS] Appium - UI Gestures: Pinch Zoom AI Image Variant 4 (423ms)
[2026-08-11T04:08:45.988Z] [PASS] Appium - UI Gestures: Pinch Zoom AI Image Variant 5 (382ms)
[2026-08-11T04:08:45.988Z] [PASS] Appium - UI Gestures: Pinch Zoom AI Image Variant 6 (230ms)
[2026-08-11T04:08:45.988Z] [PASS] Appium - UI Gestures: Pinch Zoom AI Image Variant 7 (358ms)
[2026-08-11T04:08:45.988Z] [PASS] Appium - UI Gestures: Pinch Zoom AI Image Variant 8 (193ms)
[2026-08-11T04:08:45.988Z] [PASS] Appium - UI Gestures: Pinch Zoom AI Image Variant 9 (342ms)
[2026-08-11T04:08:45.988Z] [PASS] Appium - UI Gestures: Pinch Zoom AI Image Variant 10 (245ms)
[2026-08-11T04:08:45.988Z] [PASS] Appium - UI Gestures: Long Press Community Post Variant 1 (405ms)
[2026-08-11T04:08:45.988Z] [PASS] Appium - UI Gestures: Long Press Community Post Variant 2 (282ms)
[2026-08-11T04:08:45.988Z] [PASS] Appium - UI Gestures: Long Press Community Post Variant 3 (171ms)
[2026-08-11T04:08:45.988Z] [PASS] Appium - UI Gestures: Long Press Community Post Variant 4 (444ms)
[2026-08-11T04:08:45.988Z] [PASS] Appium - UI Gestures: Long Press Community Post Variant 5 (394ms)
[2026-08-11T04:08:45.988Z] [PASS] Appium - UI Gestures: Long Press Community Post Variant 6 (258ms)
[2026-08-11T04:08:45.988Z] [PASS] Appium - UI Gestures: Long Press Community Post Variant 7 (164ms)
[2026-08-11T04:08:45.989Z] [PASS] Appium - UI Gestures: Long Press Community Post Variant 8 (261ms)
[2026-08-11T04:08:45.989Z] [PASS] Appium - UI Gestures: Long Press Community Post Variant 9 (424ms)
[2026-08-11T04:08:45.989Z] [PASS] Appium - UI Gestures: Long Press Community Post Variant 10 (330ms)
[2026-08-11T04:08:45.989Z] [PASS] Appium - UI Gestures: Double Tap Like Variant 1 (429ms)
[2026-08-11T04:08:45.989Z] [PASS] Appium - UI Gestures: Double Tap Like Variant 2 (432ms)
[2026-08-11T04:08:45.989Z] [PASS] Appium - UI Gestures: Double Tap Like Variant 3 (227ms)
[2026-08-11T04:08:45.989Z] [PASS] Appium - UI Gestures: Double Tap Like Variant 4 (179ms)
[2026-08-11T04:08:45.989Z] [PASS] Appium - UI Gestures: Double Tap Like Variant 5 (417ms)
[2026-08-11T04:08:45.989Z] [PASS] Appium - UI Gestures: Double Tap Like Variant 6 (381ms)
[2026-08-11T04:08:45.989Z] [PASS] Appium - UI Gestures: Double Tap Like Variant 7 (388ms)
[2026-08-11T04:08:45.989Z] [PASS] Appium - UI Gestures: Double Tap Like Variant 8 (164ms)
[2026-08-11T04:08:45.990Z] [PASS] Appium - UI Gestures: Double Tap Like Variant 9 (233ms)
[2026-08-11T04:08:45.990Z] [PASS] Appium - UI Gestures: Double Tap Like Variant 10 (167ms)
[2026-08-11T04:08:45.990Z] [PASS] Appium - Device Hardware: Camera Permission Prompt Variant 1 (384ms)
[2026-08-11T04:08:45.990Z] [PASS] Appium - Device Hardware: Camera Permission Prompt Variant 2 (322ms)
[2026-08-11T04:08:45.990Z] [PASS] Appium - Device Hardware: Camera Permission Prompt Variant 3 (286ms)
[2026-08-11T04:08:45.990Z] [PASS] Appium - Device Hardware: Camera Permission Prompt Variant 4 (330ms)
[2026-08-11T04:08:45.990Z] [PASS] Appium - Device Hardware: Camera Permission Prompt Variant 5 (279ms)
[2026-08-11T04:08:45.990Z] [PASS] Appium - Device Hardware: Camera Permission Prompt Variant 6 (412ms)
[2026-08-11T04:08:45.990Z] [PASS] Appium - Device Hardware: Camera Permission Prompt Variant 7 (362ms)
[2026-08-11T04:08:45.990Z] [PASS] Appium - Device Hardware: Camera Permission Prompt Variant 8 (314ms)
[2026-08-11T04:08:45.990Z] [PASS] Appium - Device Hardware: Camera Permission Prompt Variant 9 (270ms)
[2026-08-11T04:08:45.990Z] [PASS] Appium - Device Hardware: Camera Permission Prompt Variant 10 (261ms)
[2026-08-11T04:08:45.990Z] [PASS] Appium - Device Hardware: GPS Location Accuracy Variant 1 (348ms)
[2026-08-11T04:08:45.990Z] [PASS] Appium - Device Hardware: GPS Location Accuracy Variant 2 (398ms)
[2026-08-11T04:08:45.990Z] [PASS] Appium - Device Hardware: GPS Location Accuracy Variant 3 (393ms)
[2026-08-11T04:08:45.990Z] [PASS] Appium - Device Hardware: GPS Location Accuracy Variant 4 (241ms)
[2026-08-11T04:08:45.991Z] [PASS] Appium - Device Hardware: GPS Location Accuracy Variant 5 (409ms)
[2026-08-11T04:08:45.991Z] [PASS] Appium - Device Hardware: GPS Location Accuracy Variant 6 (153ms)
[2026-08-11T04:08:45.991Z] [PASS] Appium - Device Hardware: GPS Location Accuracy Variant 7 (267ms)
[2026-08-11T04:08:45.991Z] [PASS] Appium - Device Hardware: GPS Location Accuracy Variant 8 (283ms)
[2026-08-11T04:08:45.991Z] [PASS] Appium - Device Hardware: GPS Location Accuracy Variant 9 (214ms)
[2026-08-11T04:08:45.991Z] [PASS] Appium - Device Hardware: GPS Location Accuracy Variant 10 (423ms)
[2026-08-11T04:08:45.991Z] [PASS] Appium - Device Hardware: Network Switching (WiFi/LTE) Variant 1 (227ms)
[2026-08-11T04:08:45.991Z] [PASS] Appium - Device Hardware: Network Switching (WiFi/LTE) Variant 2 (200ms)
[2026-08-11T04:08:45.991Z] [PASS] Appium - Device Hardware: Network Switching (WiFi/LTE) Variant 3 (359ms)
[2026-08-11T04:08:45.991Z] [PASS] Appium - Device Hardware: Network Switching (WiFi/LTE) Variant 4 (382ms)
[2026-08-11T04:08:45.991Z] [PASS] Appium - Device Hardware: Network Switching (WiFi/LTE) Variant 5 (410ms)
[2026-08-11T04:08:45.991Z] [PASS] Appium - Device Hardware: Network Switching (WiFi/LTE) Variant 6 (220ms)
[2026-08-11T04:08:45.991Z] [PASS] Appium - Device Hardware: Network Switching (WiFi/LTE) Variant 7 (373ms)
[2026-08-11T04:08:45.991Z] [PASS] Appium - Device Hardware: Network Switching (WiFi/LTE) Variant 8 (297ms)
[2026-08-11T04:08:45.991Z] [PASS] Appium - Device Hardware: Network Switching (WiFi/LTE) Variant 9 (443ms)
[2026-08-11T04:08:45.992Z] [PASS] Appium - Device Hardware: Network Switching (WiFi/LTE) Variant 10 (201ms)
[2026-08-11T04:08:45.992Z] [PASS] Appium - Device Hardware: Battery Low Notification Variant 1 (393ms)
[2026-08-11T04:08:45.992Z] [PASS] Appium - Device Hardware: Battery Low Notification Variant 2 (413ms)
[2026-08-11T04:08:45.992Z] [PASS] Appium - Device Hardware: Battery Low Notification Variant 3 (255ms)
[2026-08-11T04:08:45.992Z] [PASS] Appium - Device Hardware: Battery Low Notification Variant 4 (166ms)
[2026-08-11T04:08:45.992Z] [PASS] Appium - Device Hardware: Battery Low Notification Variant 5 (362ms)
[2026-08-11T04:08:45.992Z] [PASS] Appium - Device Hardware: Battery Low Notification Variant 6 (155ms)
[2026-08-11T04:08:45.992Z] [PASS] Appium - Device Hardware: Battery Low Notification Variant 7 (254ms)
[2026-08-11T04:08:45.992Z] [PASS] Appium - Device Hardware: Battery Low Notification Variant 8 (159ms)
[2026-08-11T04:08:45.992Z] [PASS] Appium - Device Hardware: Battery Low Notification Variant 9 (366ms)
[2026-08-11T04:08:45.993Z] [PASS] Appium - Device Hardware: Battery Low Notification Variant 10 (313ms)
[2026-08-11T04:08:45.993Z] [PASS] Appium - Device Hardware: Dark Mode Toggle Variant 1 (210ms)
[2026-08-11T04:08:45.993Z] [PASS] Appium - Device Hardware: Dark Mode Toggle Variant 2 (285ms)
[2026-08-11T04:08:45.993Z] [PASS] Appium - Device Hardware: Dark Mode Toggle Variant 3 (237ms)
[2026-08-11T04:08:45.993Z] [PASS] Appium - Device Hardware: Dark Mode Toggle Variant 4 (308ms)
[2026-08-11T04:08:45.993Z] [PASS] Appium - Device Hardware: Dark Mode Toggle Variant 5 (224ms)
[2026-08-11T04:08:45.994Z] [PASS] Appium - Device Hardware: Dark Mode Toggle Variant 6 (332ms)
[2026-08-11T04:08:45.994Z] [PASS] Appium - Device Hardware: Dark Mode Toggle Variant 7 (276ms)
[2026-08-11T04:08:45.994Z] [PASS] Appium - Device Hardware: Dark Mode Toggle Variant 8 (382ms)
[2026-08-11T04:08:45.994Z] [PASS] Appium - Device Hardware: Dark Mode Toggle Variant 9 (442ms)
[2026-08-11T04:08:45.994Z] [PASS] Appium - Device Hardware: Dark Mode Toggle Variant 10 (294ms)
[2026-08-11T04:08:45.994Z] [PASS] Appium - Mobile Flow Integrity Check #1 (169ms)
[2026-08-11T04:08:45.994Z] [PASS] Appium - Mobile Flow Integrity Check #2 (275ms)
[2026-08-11T04:08:45.994Z] [PASS] Appium - Mobile Flow Integrity Check #3 (104ms)
[2026-08-11T04:08:45.994Z] [PASS] Appium - Mobile Flow Integrity Check #4 (184ms)
[2026-08-11T04:08:45.995Z] [PASS] Appium - Mobile Flow Integrity Check #5 (183ms)
[2026-08-11T04:08:45.995Z] [PASS] Appium - Mobile Flow Integrity Check #6 (280ms)
[2026-08-11T04:08:45.995Z] [PASS] Appium - Mobile Flow Integrity Check #7 (218ms)
[2026-08-11T04:08:45.995Z] [PASS] Appium - Mobile Flow Integrity Check #8 (254ms)
[2026-08-11T04:08:45.996Z] [PASS] Appium - Mobile Flow Integrity Check #9 (153ms)
[2026-08-11T04:08:45.996Z] [PASS] Appium - Mobile Flow Integrity Check #10 (299ms)
[2026-08-11T04:08:45.996Z] [PASS] Appium - Mobile Flow Integrity Check #11 (243ms)
[2026-08-11T04:08:45.996Z] [PASS] Appium - Mobile Flow Integrity Check #12 (181ms)
[2026-08-11T04:08:45.996Z] [PASS] Appium - Mobile Flow Integrity Check #13 (147ms)
[2026-08-11T04:08:45.996Z] [PASS] Appium - Mobile Flow Integrity Check #14 (126ms)
[2026-08-11T04:08:45.996Z] [PASS] Appium - Mobile Flow Integrity Check #15 (142ms)
[2026-08-11T04:08:45.996Z] [PASS] Appium - Mobile Flow Integrity Check #16 (140ms)
[2026-08-11T04:08:45.996Z] [PASS] Appium - Mobile Flow Integrity Check #17 (168ms)
[2026-08-11T04:08:45.996Z] [PASS] Appium - Mobile Flow Integrity Check #18 (289ms)
[2026-08-11T04:08:45.996Z] [PASS] Appium - Mobile Flow Integrity Check #19 (120ms)
[2026-08-11T04:08:45.996Z] [PASS] Appium - Mobile Flow Integrity Check #20 (288ms)
[2026-08-11T04:08:45.996Z] [PASS] Appium - Mobile Flow Integrity Check #21 (188ms)
[2026-08-11T04:08:45.996Z] [PASS] Appium - Mobile Flow Integrity Check #22 (119ms)
[2026-08-11T04:08:45.996Z] [PASS] Appium - Mobile Flow Integrity Check #23 (218ms)
[2026-08-11T04:08:45.997Z] [PASS] Appium - Mobile Flow Integrity Check #24 (230ms)
[2026-08-11T04:08:45.997Z] [PASS] Appium - Mobile Flow Integrity Check #25 (266ms)
[2026-08-11T04:08:45.997Z] [PASS] Appium - Mobile Flow Integrity Check #26 (159ms)
[2026-08-11T04:08:45.997Z] [PASS] Appium - Mobile Flow Integrity Check #27 (128ms)
[2026-08-11T04:08:45.997Z] [PASS] Appium - Mobile Flow Integrity Check #28 (297ms)
[2026-08-11T04:08:45.997Z] [PASS] Appium - Mobile Flow Integrity Check #29 (161ms)
[2026-08-11T04:08:45.997Z] [PASS] Appium - Mobile Flow Integrity Check #30 (162ms)
[2026-08-11T04:08:45.997Z] [PASS] Appium - Mobile Flow Integrity Check #31 (166ms)
[2026-08-11T04:08:45.997Z] [PASS] Appium - Mobile Flow Integrity Check #32 (279ms)
[2026-08-11T04:08:45.997Z] [PASS] Appium - Mobile Flow Integrity Check #33 (114ms)
[2026-08-11T04:08:45.997Z] [PASS] Appium - Mobile Flow Integrity Check #34 (233ms)
[2026-08-11T04:08:45.998Z] [PASS] Appium - Mobile Flow Integrity Check #35 (220ms)
[2026-08-11T04:08:45.998Z] [PASS] Appium - Mobile Flow Integrity Check #36 (214ms)
[2026-08-11T04:08:45.998Z] [PASS] Appium - Mobile Flow Integrity Check #37 (285ms)
[2026-08-11T04:08:45.998Z] [PASS] Appium - Mobile Flow Integrity Check #38 (220ms)
[2026-08-11T04:08:45.998Z] [PASS] Appium - Mobile Flow Integrity Check #39 (182ms)
[2026-08-11T04:08:45.998Z] [PASS] Appium - Mobile Flow Integrity Check #40 (165ms)
[2026-08-11T04:08:45.998Z] [PASS] Appium - Mobile Flow Integrity Check #41 (149ms)
[2026-08-11T04:08:45.998Z] [PASS] Appium - Mobile Flow Integrity Check #42 (298ms)
[2026-08-11T04:08:45.998Z] [PASS] Appium - Mobile Flow Integrity Check #43 (204ms)
[2026-08-11T04:08:45.998Z] [PASS] Appium - Mobile Flow Integrity Check #44 (124ms)
[2026-08-11T04:08:45.998Z] [PASS] Appium - Mobile Flow Integrity Check #45 (146ms)
[2026-08-11T04:08:45.998Z] [PASS] Appium - Mobile Flow Integrity Check #46 (151ms)
[2026-08-11T04:08:45.999Z] [PASS] Appium - Mobile Flow Integrity Check #47 (123ms)
[2026-08-11T04:08:45.999Z] [PASS] Appium - Mobile Flow Integrity Check #48 (256ms)
[2026-08-11T04:08:45.999Z] [PASS] Appium - Mobile Flow Integrity Check #49 (163ms)
[2026-08-11T04:08:45.999Z] [PASS] Appium - Mobile Flow Integrity Check #50 (156ms)
[2026-08-11T04:08:45.999Z] [PASS] Appium - Mobile Flow Integrity Check #51 (136ms)
[2026-08-11T04:08:45.999Z] [PASS] Appium - Mobile Flow Integrity Check #52 (145ms)
[2026-08-11T04:08:45.999Z] [PASS] Appium - Mobile Flow Integrity Check #53 (175ms)
[2026-08-11T04:08:45.999Z] [PASS] Appium - Mobile Flow Integrity Check #54 (150ms)
[2026-08-11T04:08:45.999Z] [PASS] Appium - Mobile Flow Integrity Check #55 (170ms)
[2026-08-11T04:08:45.999Z] [PASS] Appium - Mobile Flow Integrity Check #56 (160ms)
[2026-08-11T04:08:46.000Z] [PASS] Appium - Mobile Flow Integrity Check #57 (249ms)
[2026-08-11T04:08:46.000Z] [PASS] Appium - Mobile Flow Integrity Check #58 (222ms)
[2026-08-11T04:08:46.000Z] [PASS] Appium - Mobile Flow Integrity Check #59 (119ms)
[2026-08-11T04:08:46.000Z] [PASS] Appium - Mobile Flow Integrity Check #60 (184ms)
[2026-08-11T04:08:46.000Z] [PASS] Appium - Mobile Flow Integrity Check #61 (189ms)
[2026-08-11T04:08:46.000Z] [PASS] Appium - Mobile Flow Integrity Check #62 (200ms)
[2026-08-11T04:08:46.000Z] [PASS] Appium - Mobile Flow Integrity Check #63 (101ms)
[2026-08-11T04:08:46.000Z] [PASS] Appium - Mobile Flow Integrity Check #64 (243ms)
[2026-08-11T04:08:46.000Z] [PASS] Appium - Mobile Flow Integrity Check #65 (188ms)
[2026-08-11T04:08:46.000Z] [PASS] Appium - Mobile Flow Integrity Check #66 (216ms)
[2026-08-11T04:08:46.000Z] [PASS] Appium - Mobile Flow Integrity Check #67 (290ms)
[2026-08-11T04:08:46.000Z] [PASS] Appium - Mobile Flow Integrity Check #68 (214ms)
[2026-08-11T04:08:46.000Z] [PASS] Appium - Mobile Flow Integrity Check #69 (216ms)
[2026-08-11T04:08:46.000Z] [PASS] Appium - Mobile Flow Integrity Check #70 (100ms)
[2026-08-11T04:08:46.001Z] [PASS] Appium - Mobile Flow Integrity Check #71 (111ms)
[2026-08-11T04:08:46.001Z] [PASS] Appium - Mobile Flow Integrity Check #72 (114ms)
[2026-08-11T04:08:46.001Z] [PASS] Appium - Mobile Flow Integrity Check #73 (277ms)
[2026-08-11T04:08:46.001Z] [PASS] Appium - Mobile Flow Integrity Check #74 (283ms)
[2026-08-11T04:08:46.001Z] [PASS] Appium - Mobile Flow Integrity Check #75 (283ms)
[2026-08-11T04:08:46.001Z] [PASS] Appium - Mobile Flow Integrity Check #76 (139ms)
[2026-08-11T04:08:46.001Z] [PASS] Appium - Mobile Flow Integrity Check #77 (282ms)
[2026-08-11T04:08:46.001Z] [PASS] Appium - Mobile Flow Integrity Check #78 (223ms)
[2026-08-11T04:08:46.001Z] [PASS] Appium - Mobile Flow Integrity Check #79 (281ms)
[2026-08-11T04:08:46.001Z] [PASS] Appium - Mobile Flow Integrity Check #80 (144ms)
[2026-08-11T04:08:46.001Z] [PASS] Appium - Mobile Flow Integrity Check #81 (111ms)
[2026-08-11T04:08:46.001Z] [PASS] Appium - Mobile Flow Integrity Check #82 (247ms)
[2026-08-11T04:08:46.001Z] [PASS] Appium - Mobile Flow Integrity Check #83 (222ms)
[2026-08-11T04:08:46.001Z] [PASS] Appium - Mobile Flow Integrity Check #84 (128ms)
[2026-08-11T04:08:46.001Z] [PASS] Appium - Mobile Flow Integrity Check #85 (194ms)
[2026-08-11T04:08:46.002Z] [PASS] Appium - Mobile Flow Integrity Check #86 (181ms)
[2026-08-11T04:08:46.002Z] [PASS] Appium - Mobile Flow Integrity Check #87 (272ms)
[2026-08-11T04:08:46.002Z] [PASS] Appium - Mobile Flow Integrity Check #88 (224ms)
[2026-08-11T04:08:46.002Z] [PASS] Appium - Mobile Flow Integrity Check #89 (193ms)
[2026-08-11T04:08:46.002Z] [PASS] Appium - Mobile Flow Integrity Check #90 (255ms)