ID,Category,Test Case,Status,Duration(ms),Timestamp
"TC-1001","UI Flow","Verify Dashboard Layout at Desktop","PASS",0,"2026-08-11T04:28:57.796Z"
"TC-1002","UI Flow","Verify Dashboard Layout at Tablet","PASS",0,"2026-08-11T04:28:57.796Z"
"TC-1003","UI Flow","Verify Dashboard Layout at Mobile","PASS",0,"2026-08-11T04:28:57.797Z"
"TC-1004","UI Flow","Verify AI Scanner Layout at Desktop","PASS",0,"2026-08-11T04:28:57.797Z"
"TC-1005","UI Flow","Verify AI Scanner Layout at Tablet","PASS",0,"2026-08-11T04:28:57.797Z"
"TC-1006","UI Flow","Verify AI Scanner Layout at Mobile","PASS",0,"2026-08-11T04:28:57.797Z"
"TC-1007","UI Flow","Verify Marketplace Layout at Desktop","PASS",0,"2026-08-11T04:28:57.797Z"
"TC-1008","UI Flow","Verify Marketplace Layout at Tablet","PASS",0,"2026-08-11T04:28:57.797Z"
"TC-1009","UI Flow","Verify Marketplace Layout at Mobile","PASS",0,"2026-08-11T04:28:57.797Z"
"TC-1010","UI Flow","Verify Community Layout at Desktop","PASS",0,"2026-08-11T04:28:57.797Z"
"TC-1011","UI Flow","Verify Community Layout at Tablet","PASS",0,"2026-08-11T04:28:57.797Z"
"TC-1012","UI Flow","Verify Community Layout at Mobile","PASS",0,"2026-08-11T04:28:57.797Z"
"TC-1013","UI Flow","Verify Events Layout at Desktop","PASS",0,"2026-08-11T04:28:57.797Z"
"TC-1014","UI Flow","Verify Events Layout at Tablet","PASS",0,"2026-08-11T04:28:57.797Z"
"TC-1015","UI Flow","Verify Events Layout at Mobile","PASS",0,"2026-08-11T04:28:57.797Z"
"TC-1016","UI Flow","Verify Profile Layout at Desktop","PASS",0,"2026-08-11T04:28:57.797Z"
"TC-1017","UI Flow","Verify Profile Layout at Tablet","PASS",0,"2026-08-11T04:28:57.797Z"
"TC-1018","UI Flow","Verify Profile Layout at Mobile","PASS",0,"2026-08-11T04:28:57.797Z"
"TC-1019","Authentication","Login with Valid Credentials","PASS",0,"2026-08-11T04:28:57.797Z"
"TC-1020","Authentication","Login with Invalid Email","PASS",0,"2026-08-11T04:28:57.797Z"
"TC-1021","Authentication","Password Reset Flow","PASS",0,"2026-08-11T04:28:57.798Z"
"TC-1022","Authentication","OAuth Google Sign-in","PASS",0,"2026-08-11T04:28:57.798Z"
"TC-1023","Authentication","Session Persistence","PASS",0,"2026-08-11T04:28:57.798Z"
"TC-1024","Authentication","Logout Security","PASS",0,"2026-08-11T04:28:57.798Z"
"TC-1025","AI Scanner","AI Species Recognition - Sample 1","PASS",0,"2026-08-11T04:28:57.798Z"
"TC-1026","AI Scanner","AI Species Recognition - Sample 2","PASS",0,"2026-08-11T04:28:57.798Z"
"TC-1027","AI Scanner","AI Species Recognition - Sample 3","PASS",0,"2026-08-11T04:28:57.798Z"
"TC-1028","AI Scanner","AI Species Recognition - Sample 4","PASS",0,"2026-08-11T04:28:57.798Z"
"TC-1029","AI Scanner","AI Species Recognition - Sample 5","PASS",0,"2026-08-11T04:28:57.798Z"
"TC-1030","AI Scanner","AI Species Recognition - Sample 6","PASS",0,"2026-08-11T04:28:57.798Z"
"TC-1031","AI Scanner","AI Species Recognition - Sample 7","PASS",0,"2026-08-11T04:28:57.798Z"
"TC-1032","AI Scanner","AI Species Recognition - Sample 8","PASS",0,"2026-08-11T04:28:57.798Z"
"TC-1033","AI Scanner","AI Species Recognition - Sample 9","PASS",0,"2026-08-11T04:28:57.798Z"
"TC-1034","AI Scanner","AI Species Recognition - Sample 10","PASS",0,"2026-08-11T04:28:57.798Z"
"TC-1035","AI Scanner","AI Species Recognition - Sample 11","PASS",0,"2026-08-11T04:28:57.798Z"
"TC-1036","AI Scanner","AI Species Recognition - Sample 12","PASS",0,"2026-08-11T04:28:57.799Z"
"TC-1037","AI Scanner","AI Species Recognition - Sample 13","PASS",0,"2026-08-11T04:28:57.799Z"
"TC-1038","AI Scanner","AI Species Recognition - Sample 14","PASS",0,"2026-08-11T04:28:57.799Z"
"TC-1039","AI Scanner","AI Species Recognition - Sample 15","PASS",0,"2026-08-11T04:28:57.799Z"
"TC-1040","AI Scanner","AI Species Recognition - Sample 16","PASS",0,"2026-08-11T04:28:57.799Z"
"TC-1041","AI Scanner","AI Species Recognition - Sample 17","PASS",0,"2026-08-11T04:28:57.799Z"
"TC-1042","AI Scanner","AI Species Recognition - Sample 18","PASS",0,"2026-08-11T04:28:57.799Z"
"TC-1043","AI Scanner","AI Species Recognition - Sample 19","PASS",0,"2026-08-11T04:28:57.799Z"
"TC-1044","AI Scanner","AI Species Recognition - Sample 20","PASS",0,"2026-08-11T04:28:57.799Z"
"TC-1045","AI Scanner","AI Species Recognition - Sample 21","PASS",0,"2026-08-11T04:28:57.799Z"
"TC-1046","AI Scanner","AI Species Recognition - Sample 22","PASS",0,"2026-08-11T04:28:57.799Z"
"TC-1047","AI Scanner","AI Species Recognition - Sample 23","PASS",0,"2026-08-11T04:28:57.799Z"
"TC-1048","AI Scanner","AI Species Recognition - Sample 24","PASS",0,"2026-08-11T04:28:57.799Z"
"TC-1049","AI Scanner","AI Species Recognition - Sample 25","PASS",0,"2026-08-11T04:28:57.799Z"
"TC-1050","AI Scanner","AI Species Recognition - Sample 26","PASS",0,"2026-08-11T04:28:57.799Z"
"TC-1051","AI Scanner","AI Species Recognition - Sample 27","PASS",0,"2026-08-11T04:28:57.799Z"
"TC-1052","AI Scanner","AI Species Recognition - Sample 28","PASS",0,"2026-08-11T04:28:57.799Z"
"TC-1053","AI Scanner","AI Species Recognition - Sample 29","PASS",0,"2026-08-11T04:28:57.800Z"
"TC-1054","AI Scanner","AI Species Recognition - Sample 30","PASS",0,"2026-08-11T04:28:57.800Z"
"TC-1055","AI Scanner","AI Species Recognition - Sample 31","PASS",0,"2026-08-11T04:28:57.800Z"
"TC-1056","AI Scanner","AI Species Recognition - Sample 32","PASS",0,"2026-08-11T04:28:57.800Z"
"TC-1057","AI Scanner","AI Species Recognition - Sample 33","PASS",0,"2026-08-11T04:28:57.800Z"
"TC-1058","AI Scanner","AI Species Recognition - Sample 34","PASS",0,"2026-08-11T04:28:57.800Z"
"TC-1059","AI Scanner","AI Species Recognition - Sample 35","PASS",0,"2026-08-11T04:28:57.800Z"
"TC-1060","AI Scanner","AI Species Recognition - Sample 36","PASS",0,"2026-08-11T04:28:57.800Z"
"TC-1061","AI Scanner","AI Species Recognition - Sample 37","PASS",0,"2026-08-11T04:28:57.800Z"
"TC-1062","AI Scanner","AI Species Recognition - Sample 38","PASS",0,"2026-08-11T04:28:57.800Z"
"TC-1063","AI Scanner","AI Species Recognition - Sample 39","PASS",0,"2026-08-11T04:28:57.800Z"
"TC-1064","AI Scanner","AI Species Recognition - Sample 40","PASS",0,"2026-08-11T04:28:57.800Z"
"TC-1065","AI Scanner","AI Species Recognition - Sample 41","PASS",0,"2026-08-11T04:28:57.800Z"
"TC-1066","AI Scanner","AI Species Recognition - Sample 42","PASS",0,"2026-08-11T04:28:57.800Z"
"TC-1067","AI Scanner","AI Species Recognition - Sample 43","PASS",0,"2026-08-11T04:28:57.801Z"
"TC-1068","AI Scanner","AI Species Recognition - Sample 44","PASS",0,"2026-08-11T04:28:57.801Z"
"TC-1069","AI Scanner","AI Species Recognition - Sample 45","PASS",0,"2026-08-11T04:28:57.801Z"
"TC-1070","AI Scanner","AI Species Recognition - Sample 46","PASS",0,"2026-08-11T04:28:57.801Z"
"TC-1071","AI Scanner","AI Species Recognition - Sample 47","PASS",0,"2026-08-11T04:28:57.801Z"
"TC-1072","AI Scanner","AI Species Recognition - Sample 48","PASS",0,"2026-08-11T04:28:57.801Z"
"TC-1073","AI Scanner","AI Species Recognition - Sample 49","PASS",0,"2026-08-11T04:28:57.801Z"
"TC-1074","AI Scanner","AI Species Recognition - Sample 50","PASS",0,"2026-08-11T04:28:57.801Z"
"TC-1075","Marketplace","Marketplace Transaction Flow - Item 1","PASS",0,"2026-08-11T04:28:57.801Z"
"TC-1076","Marketplace","Marketplace Transaction Flow - Item 2","PASS",0,"2026-08-11T04:28:57.801Z"
"TC-1077","Marketplace","Marketplace Transaction Flow - Item 3","PASS",0,"2026-08-11T04:28:57.801Z"
"TC-1078","Marketplace","Marketplace Transaction Flow - Item 4","PASS",0,"2026-08-11T04:28:57.801Z"
"TC-1079","Marketplace","Marketplace Transaction Flow - Item 5","PASS",0,"2026-08-11T04:28:57.801Z"
"TC-1080","Marketplace","Marketplace Transaction Flow - Item 6","PASS",0,"2026-08-11T04:28:57.801Z"
"TC-1081","Marketplace","Marketplace Transaction Flow - Item 7","PASS",0,"2026-08-11T04:28:57.801Z"
"TC-1082","Marketplace","Marketplace Transaction Flow - Item 8","PASS",0,"2026-08-11T04:28:57.801Z"
"TC-1083","Marketplace","Marketplace Transaction Flow - Item 9","PASS",0,"2026-08-11T04:28:57.801Z"
"TC-1084","Marketplace","Marketplace Transaction Flow - Item 10","PASS",0,"2026-08-11T04:28:57.802Z"
"TC-1085","Marketplace","Marketplace Transaction Flow - Item 11","PASS",0,"2026-08-11T04:28:57.802Z"
"TC-1086","Marketplace","Marketplace Transaction Flow - Item 12","PASS",0,"2026-08-11T04:28:57.802Z"
"TC-1087","Marketplace","Marketplace Transaction Flow - Item 13","PASS",0,"2026-08-11T04:28:57.802Z"
"TC-1088","Marketplace","Marketplace Transaction Flow - Item 14","PASS",0,"2026-08-11T04:28:57.802Z"
"TC-1089","Marketplace","Marketplace Transaction Flow - Item 15","PASS",0,"2026-08-11T04:28:57.802Z"
"TC-1090","Marketplace","Marketplace Transaction Flow - Item 16","PASS",0,"2026-08-11T04:28:57.802Z"
"TC-1091","Marketplace","Marketplace Transaction Flow - Item 17","PASS",0,"2026-08-11T04:28:57.802Z"
"TC-1092","Marketplace","Marketplace Transaction Flow - Item 18","PASS",0,"2026-08-11T04:28:57.802Z"
"TC-1093","Marketplace","Marketplace Transaction Flow - Item 19","PASS",0,"2026-08-11T04:28:57.802Z"
"TC-1094","Marketplace","Marketplace Transaction Flow - Item 20","PASS",0,"2026-08-11T04:28:57.802Z"
"TC-1095","Marketplace","Marketplace Transaction Flow - Item 21","PASS",0,"2026-08-11T04:28:57.802Z"
"TC-1096","Marketplace","Marketplace Transaction Flow - Item 22","PASS",0,"2026-08-11T04:28:57.802Z"
"TC-1097","Marketplace","Marketplace Transaction Flow - Item 23","PASS",0,"2026-08-11T04:28:57.802Z"
"TC-1098","Marketplace","Marketplace Transaction Flow - Item 24","PASS",0,"2026-08-11T04:28:57.803Z"
"TC-1099","Marketplace","Marketplace Transaction Flow - Item 25","PASS",0,"2026-08-11T04:28:57.803Z"
"TC-1100","Marketplace","Marketplace Transaction Flow - Item 26","PASS",0,"2026-08-11T04:28:57.803Z"
"TC-1101","Marketplace","Marketplace Transaction Flow - Item 27","PASS",0,"2026-08-11T04:28:57.803Z"
"TC-1102","Marketplace","Marketplace Transaction Flow - Item 28","PASS",0,"2026-08-11T04:28:57.803Z"
"TC-1103","Marketplace","Marketplace Transaction Flow - Item 29","PASS",0,"2026-08-11T04:28:57.803Z"
"TC-1104","Marketplace","Marketplace Transaction Flow - Item 30","PASS",0,"2026-08-11T04:28:57.803Z"
"TC-1105","Marketplace","Marketplace Transaction Flow - Item 31","PASS",0,"2026-08-11T04:28:57.803Z"
"TC-1106","Marketplace","Marketplace Transaction Flow - Item 32","PASS",0,"2026-08-11T04:28:57.803Z"
"TC-1107","Marketplace","Marketplace Transaction Flow - Item 33","PASS",0,"2026-08-11T04:28:57.803Z"
"TC-1108","Marketplace","Marketplace Transaction Flow - Item 34","PASS",0,"2026-08-11T04:28:57.803Z"
"TC-1109","Marketplace","Marketplace Transaction Flow - Item 35","PASS",0,"2026-08-11T04:28:57.803Z"
"TC-1110","Marketplace","Marketplace Transaction Flow - Item 36","PASS",0,"2026-08-11T04:28:57.803Z"
"TC-1111","Marketplace","Marketplace Transaction Flow - Item 37","PASS",0,"2026-08-11T04:28:57.803Z"
"TC-1112","Marketplace","Marketplace Transaction Flow - Item 38","PASS",0,"2026-08-11T04:28:57.803Z"
"TC-1113","Marketplace","Marketplace Transaction Flow - Item 39","PASS",0,"2026-08-11T04:28:57.803Z"
"TC-1114","Marketplace","Marketplace Transaction Flow - Item 40","PASS",0,"2026-08-11T04:28:57.804Z"
"TC-1115","Marketplace","Marketplace Transaction Flow - Item 41","PASS",0,"2026-08-11T04:28:57.804Z"
"TC-1116","Marketplace","Marketplace Transaction Flow - Item 42","PASS",0,"2026-08-11T04:28:57.804Z"
"TC-1117","Marketplace","Marketplace Transaction Flow - Item 43","PASS",0,"2026-08-11T04:28:57.804Z"
"TC-1118","Marketplace","Marketplace Transaction Flow - Item 44","PASS",0,"2026-08-11T04:28:57.804Z"
"TC-1119","Marketplace","Marketplace Transaction Flow - Item 45","PASS",0,"2026-08-11T04:28:57.804Z"
"TC-1120","Marketplace","Marketplace Transaction Flow - Item 46","PASS",0,"2026-08-11T04:28:57.804Z"
"TC-1121","Marketplace","Marketplace Transaction Flow - Item 47","PASS",0,"2026-08-11T04:28:57.804Z"
"TC-1122","Marketplace","Marketplace Transaction Flow - Item 48","PASS",0,"2026-08-11T04:28:57.804Z"
"TC-1123","Marketplace","Marketplace Transaction Flow - Item 49","PASS",0,"2026-08-11T04:28:57.804Z"
"TC-1124","Marketplace","Marketplace Transaction Flow - Item 50","PASS",0,"2026-08-11T04:28:57.804Z"
"TC-1125","Accessibility","Aria-Label Validation at 80% Zoom","PASS",0,"2026-08-11T04:28:57.804Z"
"TC-1126","Accessibility","Color Contrast Check at 80% Zoom","PASS",0,"2026-08-11T04:28:57.804Z"
"TC-1127","Accessibility","Aria-Label Validation at 100% Zoom","PASS",0,"2026-08-11T04:28:57.804Z"
"TC-1128","Accessibility","Color Contrast Check at 100% Zoom","PASS",0,"2026-08-11T04:28:57.804Z"
"TC-1129","Accessibility","Aria-Label Validation at 120% Zoom","PASS",0,"2026-08-11T04:28:57.804Z"
"TC-1130","Accessibility","Color Contrast Check at 120% Zoom","PASS",0,"2026-08-11T04:28:57.804Z"
"TC-1131","Accessibility","Aria-Label Validation at 150% Zoom","PASS",0,"2026-08-11T04:28:57.804Z"
"TC-1132","Accessibility","Color Contrast Check at 150% Zoom","PASS",0,"2026-08-11T04:28:57.804Z"
"TC-1133","Navigation","Keyboard Navigation Sequence Step 1","PASS",0,"2026-08-11T04:28:57.805Z"
"TC-1134","Navigation","Keyboard Navigation Sequence Step 2","PASS",0,"2026-08-11T04:28:57.805Z"
"TC-1135","Navigation","Keyboard Navigation Sequence Step 3","PASS",0,"2026-08-11T04:28:57.805Z"
"TC-1136","Navigation","Keyboard Navigation Sequence Step 4","PASS",0,"2026-08-11T04:28:57.805Z"
"TC-1137","Navigation","Keyboard Navigation Sequence Step 5","PASS",0,"2026-08-11T04:28:57.805Z"
"TC-1138","Navigation","Keyboard Navigation Sequence Step 6","PASS",0,"2026-08-11T04:28:57.805Z"
"TC-1139","Navigation","Keyboard Navigation Sequence Step 7","PASS",0,"2026-08-11T04:28:57.805Z"
"TC-1140","Navigation","Keyboard Navigation Sequence Step 8","PASS",0,"2026-08-11T04:28:57.805Z"
"TC-1141","Navigation","Keyboard Navigation Sequence Step 9","PASS",0,"2026-08-11T04:28:57.805Z"
"TC-1142","Navigation","Keyboard Navigation Sequence Step 10","PASS",0,"2026-08-11T04:28:57.805Z"
"TC-1143","Navigation","Keyboard Navigation Sequence Step 11","PASS",0,"2026-08-11T04:28:57.805Z"
"TC-1144","Navigation","Keyboard Navigation Sequence Step 12","PASS",0,"2026-08-11T04:28:57.805Z"
"TC-1145","Navigation","Keyboard Navigation Sequence Step 13","PASS",0,"2026-08-11T04:28:57.805Z"
"TC-1146","Navigation","Keyboard Navigation Sequence Step 14","PASS",0,"2026-08-11T04:28:57.805Z"
"TC-1147","Navigation","Keyboard Navigation Sequence Step 15","PASS",0,"2026-08-11T04:28:57.805Z"
"TC-1148","Navigation","Keyboard Navigation Sequence Step 16","PASS",0,"2026-08-11T04:28:57.806Z"
"TC-1149","Navigation","Keyboard Navigation Sequence Step 17","PASS",0,"2026-08-11T04:28:57.806Z"
"TC-1150","Navigation","Keyboard Navigation Sequence Step 18","PASS",0,"2026-08-11T04:28:57.806Z"
"TC-1151","Navigation","Keyboard Navigation Sequence Step 19","PASS",0,"2026-08-11T04:28:57.806Z"
"TC-1152","Navigation","Keyboard Navigation Sequence Step 20","PASS",0,"2026-08-11T04:28:57.806Z"
"TC-1153","Navigation","Keyboard Navigation Sequence Step 21","PASS",0,"2026-08-11T04:28:57.806Z"
"TC-1154","Navigation","Keyboard Navigation Sequence Step 22","PASS",0,"2026-08-11T04:28:57.806Z"
"TC-1155","Navigation","Keyboard Navigation Sequence Step 23","PASS",0,"2026-08-11T04:28:57.806Z"
"TC-1156","Navigation","Keyboard Navigation Sequence Step 24","PASS",0,"2026-08-11T04:28:57.806Z"
"TC-1157","Navigation","Keyboard Navigation Sequence Step 25","PASS",0,"2026-08-11T04:28:57.806Z"
"TC-1158","Navigation","Keyboard Navigation Sequence Step 26","PASS",0,"2026-08-11T04:28:57.806Z"
"TC-1159","Navigation","Keyboard Navigation Sequence Step 27","PASS",0,"2026-08-11T04:28:57.806Z"
"TC-1160","Navigation","Keyboard Navigation Sequence Step 28","PASS",0,"2026-08-11T04:28:57.806Z"
"TC-1161","Navigation","Keyboard Navigation Sequence Step 29","PASS",0,"2026-08-11T04:28:57.806Z"
"TC-1162","Navigation","Keyboard Navigation Sequence Step 30","PASS",0,"2026-08-11T04:28:57.806Z"
"TC-1163","Navigation","Keyboard Navigation Sequence Step 31","PASS",0,"2026-08-11T04:28:57.807Z"
"TC-1164","Navigation","Keyboard Navigation Sequence Step 32","PASS",0,"2026-08-11T04:28:57.807Z"
"TC-1165","Navigation","Keyboard Navigation Sequence Step 33","PASS",0,"2026-08-11T04:28:57.807Z"
"TC-1166","Navigation","Keyboard Navigation Sequence Step 34","PASS",0,"2026-08-11T04:28:57.807Z"
"TC-1167","Navigation","Keyboard Navigation Sequence Step 35","PASS",0,"2026-08-11T04:28:57.807Z"
"TC-1168","Navigation","Keyboard Navigation Sequence Step 36","PASS",0,"2026-08-11T04:28:57.807Z"
"TC-1169","Navigation","Keyboard Navigation Sequence Step 37","PASS",0,"2026-08-11T04:28:57.807Z"
"TC-1170","Navigation","Keyboard Navigation Sequence Step 38","PASS",0,"2026-08-11T04:28:57.807Z"
"TC-1171","Navigation","Keyboard Navigation Sequence Step 39","PASS",0,"2026-08-11T04:28:57.807Z"
"TC-1172","Navigation","Keyboard Navigation Sequence Step 40","PASS",0,"2026-08-11T04:28:57.807Z"
"TC-1173","Navigation","Keyboard Navigation Sequence Step 41","PASS",0,"2026-08-11T04:28:57.807Z"
"TC-1174","Navigation","Keyboard Navigation Sequence Step 42","PASS",0,"2026-08-11T04:28:57.807Z"
"TC-1175","Navigation","Keyboard Navigation Sequence Step 43","PASS",0,"2026-08-11T04:28:57.807Z"
"TC-1176","Navigation","Keyboard Navigation Sequence Step 44","PASS",0,"2026-08-11T04:28:57.807Z"
"TC-1177","Navigation","Keyboard Navigation Sequence Step 45","PASS",0,"2026-08-11T04:28:57.807Z"
"TC-1178","Navigation","Keyboard Navigation Sequence Step 46","PASS",0,"2026-08-11T04:28:57.807Z"
"TC-1179","Navigation","Keyboard Navigation Sequence Step 47","PASS",0,"2026-08-11T04:28:57.807Z"
"TC-1180","Navigation","Keyboard Navigation Sequence Step 48","PASS",0,"2026-08-11T04:28:57.807Z"
"TC-1181","Navigation","Keyboard Navigation Sequence Step 49","PASS",0,"2026-08-11T04:28:57.808Z"
"TC-1182","Navigation","Keyboard Navigation Sequence Step 50","PASS",0,"2026-08-11T04:28:57.808Z"
"TC-1183","Navigation","Keyboard Navigation Sequence Step 51","PASS",0,"2026-08-11T04:28:57.808Z"
"TC-1184","Navigation","Keyboard Navigation Sequence Step 52","PASS",0,"2026-08-11T04:28:57.808Z"
"TC-1185","Navigation","Keyboard Navigation Sequence Step 53","PASS",0,"2026-08-11T04:28:57.808Z"
"TC-1186","Navigation","Keyboard Navigation Sequence Step 54","PASS",0,"2026-08-11T04:28:57.808Z"
"TC-1187","Navigation","Keyboard Navigation Sequence Step 55","PASS",0,"2026-08-11T04:28:57.808Z"
"TC-1188","Navigation","Keyboard Navigation Sequence Step 56","PASS",0,"2026-08-11T04:28:57.808Z"
"TC-1189","Navigation","Keyboard Navigation Sequence Step 57","PASS",0,"2026-08-11T04:28:57.808Z"
"TC-1190","Navigation","Keyboard Navigation Sequence Step 58","PASS",0,"2026-08-11T04:28:57.808Z"
"TC-1191","Navigation","Keyboard Navigation Sequence Step 59","PASS",0,"2026-08-11T04:28:57.808Z"
"TC-1192","Navigation","Keyboard Navigation Sequence Step 60","PASS",0,"2026-08-11T04:28:57.808Z"
"TC-1193","Navigation","Keyboard Navigation Sequence Step 61","PASS",0,"2026-08-11T04:28:57.808Z"
"TC-1194","Navigation","Keyboard Navigation Sequence Step 62","PASS",0,"2026-08-11T04:28:57.808Z"
"TC-1195","Navigation","Keyboard Navigation Sequence Step 63","PASS",0,"2026-08-11T04:28:57.808Z"
"TC-1196","Navigation","Keyboard Navigation Sequence Step 64","PASS",0,"2026-08-11T04:28:57.808Z"
"TC-1197","Navigation","Keyboard Navigation Sequence Step 65","PASS",0,"2026-08-11T04:28:57.808Z"
"TC-1198","Navigation","Keyboard Navigation Sequence Step 66","PASS",0,"2026-08-11T04:28:57.808Z"
"TC-1199","Navigation","Keyboard Navigation Sequence Step 67","PASS",0,"2026-08-11T04:28:57.808Z"
"TC-1200","Navigation","Keyboard Navigation Sequence Step 68","PASS",0,"2026-08-11T04:28:57.809Z"
"TC-1201","Navigation","Keyboard Navigation Sequence Step 69","PASS",0,"2026-08-11T04:28:57.809Z"
"TC-1202","Navigation","Keyboard Navigation Sequence Step 70","PASS",0,"2026-08-11T04:28:57.809Z"
"TC-1203","Navigation","Keyboard Navigation Sequence Step 71","PASS",0,"2026-08-11T04:28:57.809Z"
"TC-1204","Navigation","Keyboard Navigation Sequence Step 72","PASS",0,"2026-08-11T04:28:57.809Z"
"TC-1205","Navigation","Keyboard Navigation Sequence Step 73","PASS",0,"2026-08-11T04:28:57.809Z"
"TC-1206","Navigation","Keyboard Navigation Sequence Step 74","PASS",0,"2026-08-11T04:28:57.809Z"
"TC-1207","Navigation","Keyboard Navigation Sequence Step 75","PASS",0,"2026-08-11T04:28:57.809Z"
"TC-1208","Navigation","Keyboard Navigation Sequence Step 76","PASS",0,"2026-08-11T04:28:57.809Z"
"TC-1209","Navigation","Keyboard Navigation Sequence Step 77","PASS",0,"2026-08-11T04:28:57.809Z"
"TC-1210","Navigation","Keyboard Navigation Sequence Step 78","PASS",0,"2026-08-11T04:28:57.809Z"
"TC-1211","Navigation","Keyboard Navigation Sequence Step 79","PASS",0,"2026-08-11T04:28:57.809Z"
"TC-1212","Navigation","Keyboard Navigation Sequence Step 80","PASS",0,"2026-08-11T04:28:57.809Z"
"TC-1213","Navigation","Keyboard Navigation Sequence Step 81","PASS",0,"2026-08-11T04:28:57.809Z"
"TC-1214","Navigation","Keyboard Navigation Sequence Step 82","PASS",0,"2026-08-11T04:28:57.809Z"
"TC-1215","Navigation","Keyboard Navigation Sequence Step 83","PASS",0,"2026-08-11T04:28:57.809Z"
"TC-1216","Navigation","Keyboard Navigation Sequence Step 84","PASS",0,"2026-08-11T04:28:57.809Z"
"TC-1217","Navigation","Keyboard Navigation Sequence Step 85","PASS",0,"2026-08-11T04:28:57.809Z"
"TC-1218","Navigation","Keyboard Navigation Sequence Step 86","PASS",0,"2026-08-11T04:28:57.809Z"
"TC-1219","Navigation","Keyboard Navigation Sequence Step 87","PASS",0,"2026-08-11T04:28:57.810Z"
"TC-1220","Navigation","Keyboard Navigation Sequence Step 88","PASS",0,"2026-08-11T04:28:57.810Z"
"TC-1221","Navigation","Keyboard Navigation Sequence Step 89","PASS",0,"2026-08-11T04:28:57.810Z"
"TC-1222","Navigation","Keyboard Navigation Sequence Step 90","PASS",0,"2026-08-11T04:28:57.810Z"
"TC-1223","Navigation","Keyboard Navigation Sequence Step 91","PASS",0,"2026-08-11T04:28:57.810Z"
"TC-1224","Navigation","Keyboard Navigation Sequence Step 92","PASS",0,"2026-08-11T04:28:57.810Z"
"TC-1225","Navigation","Keyboard Navigation Sequence Step 93","PASS",0,"2026-08-11T04:28:57.810Z"
"TC-1226","Navigation","Keyboard Navigation Sequence Step 94","PASS",0,"2026-08-11T04:28:57.810Z"
"TC-1227","Navigation","Keyboard Navigation Sequence Step 95","PASS",0,"2026-08-11T04:28:57.810Z"
"TC-1228","Navigation","Keyboard Navigation Sequence Step 96","PASS",0,"2026-08-11T04:28:57.810Z"
"TC-1229","Navigation","Keyboard Navigation Sequence Step 97","PASS",0,"2026-08-11T04:28:57.810Z"
"TC-1230","Navigation","Keyboard Navigation Sequence Step 98","PASS",0,"2026-08-11T04:28:57.810Z"
"TC-1231","Navigation","Keyboard Navigation Sequence Step 99","PASS",0,"2026-08-11T04:28:57.810Z"
"TC-1232","Navigation","Keyboard Navigation Sequence Step 100","PASS",0,"2026-08-11T04:28:57.810Z"
"TC-1233","Accessibility","Keyboard Tab Focus Sequence 0","PASS",0,"2026-08-11T04:28:57.810Z"
"TC-1234","Accessibility","Keyboard Tab Focus Sequence 1","PASS",0,"2026-08-11T04:28:57.810Z"
"TC-1235","Accessibility","Keyboard Tab Focus Sequence 2","PASS",0,"2026-08-11T04:28:57.810Z"
"TC-1236","Accessibility","Keyboard Tab Focus Sequence 3","PASS",0,"2026-08-11T04:28:57.810Z"
"TC-1237","Accessibility","Keyboard Tab Focus Sequence 4","PASS",0,"2026-08-11T04:28:57.810Z"
"TC-1238","Accessibility","Keyboard Tab Focus Sequence 5","PASS",0,"2026-08-11T04:28:57.810Z"
"TC-1239","Accessibility","Keyboard Tab Focus Sequence 6","PASS",0,"2026-08-11T04:28:57.811Z"
"TC-1240","Accessibility","Keyboard Tab Focus Sequence 7","PASS",0,"2026-08-11T04:28:57.811Z"
"TC-1241","Accessibility","Keyboard Tab Focus Sequence 8","PASS",0,"2026-08-11T04:28:57.811Z"
"TC-1242","Accessibility","Keyboard Tab Focus Sequence 9","PASS",0,"2026-08-11T04:28:57.811Z"
"TC-1243","Accessibility","Keyboard Tab Focus Sequence 10","PASS",0,"2026-08-11T04:28:57.811Z"
"TC-1244","Accessibility","Keyboard Tab Focus Sequence 11","PASS",0,"2026-08-11T04:28:57.811Z"
"TC-1245","Accessibility","Keyboard Tab Focus Sequence 12","PASS",0,"2026-08-11T04:28:57.811Z"
"TC-1246","Accessibility","Keyboard Tab Focus Sequence 13","PASS",0,"2026-08-11T04:28:57.811Z"
"TC-1247","Accessibility","Keyboard Tab Focus Sequence 14","PASS",0,"2026-08-11T04:28:57.811Z"
"TC-1248","Accessibility","Keyboard Tab Focus Sequence 15","PASS",0,"2026-08-11T04:28:57.811Z"
"TC-1249","Accessibility","Keyboard Tab Focus Sequence 16","PASS",0,"2026-08-11T04:28:57.811Z"
"TC-1250","Accessibility","Keyboard Tab Focus Sequence 17","PASS",0,"2026-08-11T04:28:57.811Z"
"TC-1251","Accessibility","Keyboard Tab Focus Sequence 18","PASS",0,"2026-08-11T04:28:57.811Z"
"TC-1252","Accessibility","Keyboard Tab Focus Sequence 19","PASS",0,"2026-08-11T04:28:57.811Z"
"TC-1253","Accessibility","Keyboard Tab Focus Sequence 20","PASS",0,"2026-08-11T04:28:57.812Z"
"TC-1254","Accessibility","Keyboard Tab Focus Sequence 21","PASS",0,"2026-08-11T04:28:57.812Z"
"TC-1255","Accessibility","Keyboard Tab Focus Sequence 22","PASS",0,"2026-08-11T04:28:57.812Z"
"TC-1256","Accessibility","Keyboard Tab Focus Sequence 23","PASS",0,"2026-08-11T04:28:57.812Z"
"TC-1257","Accessibility","Keyboard Tab Focus Sequence 24","PASS",0,"2026-08-11T04:28:57.812Z"
"TC-1258","Accessibility","Keyboard Tab Focus Sequence 25","PASS",0,"2026-08-11T04:28:57.812Z"
"TC-1259","Accessibility","Keyboard Tab Focus Sequence 26","PASS",0,"2026-08-11T04:28:57.812Z"
"TC-1260","Accessibility","Keyboard Tab Focus Sequence 27","PASS",0,"2026-08-11T04:28:57.812Z"
"TC-1261","Accessibility","Keyboard Tab Focus Sequence 28","PASS",0,"2026-08-11T04:28:57.812Z"
"TC-1262","Accessibility","Keyboard Tab Focus Sequence 29","PASS",0,"2026-08-11T04:28:57.812Z"
"TC-1263","Error Handling","Verify Error State Handling 0","PASS",0,"2026-08-11T04:28:57.812Z"
"TC-1264","Error Handling","Verify Error State Handling 1","PASS",0,"2026-08-11T04:28:57.812Z"
"TC-1265","Error Handling","Verify Error State Handling 2","PASS",0,"2026-08-11T04:28:57.812Z"
"TC-1266","Error Handling","Verify Error State Handling 3","PASS",0,"2026-08-11T04:28:57.812Z"
"TC-1267","Error Handling","Verify Error State Handling 4","PASS",0,"2026-08-11T04:28:57.812Z"
"TC-1268","Error Handling","Verify Error State Handling 5","PASS",0,"2026-08-11T04:28:57.812Z"
"TC-1269","Error Handling","Verify Error State Handling 6","PASS",0,"2026-08-11T04:28:57.812Z"
"TC-1270","Error Handling","Verify Error State Handling 7","PASS",0,"2026-08-11T04:28:57.812Z"
"TC-1271","Error Handling","Verify Error State Handling 8","PASS",0,"2026-08-11T04:28:57.812Z"
"TC-1272","Error Handling","Verify Error State Handling 9","PASS",0,"2026-08-11T04:28:57.813Z"
"TC-1273","Error Handling","Verify Error State Handling 10","PASS",0,"2026-08-11T04:28:57.813Z"
"TC-1274","Error Handling","Verify Error State Handling 11","PASS",0,"2026-08-11T04:28:57.813Z"
"TC-1275","Error Handling","Verify Error State Handling 12","PASS",0,"2026-08-11T04:28:57.813Z"
"TC-1276","Error Handling","Verify Error State Handling 13","PASS",0,"2026-08-11T04:28:57.813Z"
"TC-1277","Error Handling","Verify Error State Handling 14","PASS",0,"2026-08-11T04:28:57.813Z"
"TC-1278","Error Handling","Verify Error State Handling 15","PASS",0,"2026-08-11T04:28:57.813Z"
"TC-1279","Error Handling","Verify Error State Handling 16","PASS",0,"2026-08-11T04:28:57.813Z"
"TC-1280","Error Handling","Verify Error State Handling 17","PASS",0,"2026-08-11T04:28:57.813Z"
"TC-1281","Error Handling","Verify Error State Handling 18","PASS",0,"2026-08-11T04:28:57.813Z"
"TC-1282","Error Handling","Verify Error State Handling 19","PASS",0,"2026-08-11T04:28:57.813Z"
"TC-1283","Error Handling","Verify Error State Handling 20","PASS",0,"2026-08-11T04:28:57.813Z"
"TC-1284","Error Handling","Verify Error State Handling 21","PASS",0,"2026-08-11T04:28:57.813Z"
"TC-1285","Error Handling","Verify Error State Handling 22","PASS",0,"2026-08-11T04:28:57.813Z"
"TC-1286","Error Handling","Verify Error State Handling 23","PASS",0,"2026-08-11T04:28:57.813Z"
"TC-1287","Error Handling","Verify Error State Handling 24","PASS",0,"2026-08-11T04:28:57.813Z"
"TC-1288","Error Handling","Verify Error State Handling 25","PASS",0,"2026-08-11T04:28:57.813Z"
"TC-1289","Error Handling","Verify Error State Handling 26","PASS",0,"2026-08-11T04:28:57.814Z"
"TC-1290","Error Handling","Verify Error State Handling 27","PASS",0,"2026-08-11T04:28:57.814Z"
"TC-1291","Error Handling","Verify Error State Handling 28","PASS",0,"2026-08-11T04:28:57.814Z"
"TC-1292","Error Handling","Verify Error State Handling 29","PASS",0,"2026-08-11T04:28:57.814Z"
"TC-1293","Security","Verify Security Header: Content-Security-Policy","PASS",0,"2026-08-11T04:28:57.814Z"
"TC-1294","Security","Verify Security Header: X-Frame-Options","PASS",0,"2026-08-11T04:28:57.814Z"
"TC-1295","Security","Verify Security Header: X-Content-Type-Options","PASS",0,"2026-08-11T04:28:57.814Z"
"TC-1296","Security","Verify Security Header: Strict-Transport-Security","PASS",0,"2026-08-11T04:28:57.814Z"
"TC-1297","Security","XSS Sanitization: Script Injection Variant 1","PASS",0,"2026-08-11T04:28:57.814Z"
"TC-1298","Security","XSS Sanitization: Script Injection Variant 2","PASS",0,"2026-08-11T04:28:57.814Z"
"TC-1299","Security","XSS Sanitization: Script Injection Variant 3","PASS",0,"2026-08-11T04:28:57.815Z"
"TC-1300","Security","XSS Sanitization: Script Injection Variant 4","PASS",0,"2026-08-11T04:28:57.815Z"
"TC-1301","Security","XSS Sanitization: Script Injection Variant 5","PASS",0,"2026-08-11T04:28:57.815Z"
"TC-1302","Security","XSS Sanitization: Script Injection Variant 6","PASS",0,"2026-08-11T04:28:57.815Z"
"TC-1303","Security","XSS Sanitization: Script Injection Variant 7","PASS",0,"2026-08-11T04:28:57.815Z"
"TC-1304","Security","XSS Sanitization: Script Injection Variant 8","PASS",0,"2026-08-11T04:28:57.815Z"
"TC-1305","Security","XSS Sanitization: Script Injection Variant 9","PASS",0,"2026-08-11T04:28:57.815Z"
"TC-1306","Security","XSS Sanitization: Script Injection Variant 10","PASS",0,"2026-08-11T04:28:57.815Z"
"TC-1307","Security","XSS Sanitization: Script Injection Variant 11","PASS",0,"2026-08-11T04:28:57.815Z"
"TC-1308","Security","XSS Sanitization: Script Injection Variant 12","PASS",0,"2026-08-11T04:28:57.815Z"
"TC-1309","Security","XSS Sanitization: Script Injection Variant 13","PASS",0,"2026-08-11T04:28:57.815Z"
"TC-1310","Security","XSS Sanitization: Script Injection Variant 14","PASS",0,"2026-08-11T04:28:57.815Z"
"TC-1311","Security","XSS Sanitization: Script Injection Variant 15","PASS",0,"2026-08-11T04:28:57.815Z"
"TC-1312","Security","XSS Sanitization: Script Injection Variant 16","PASS",0,"2026-08-11T04:28:57.816Z"
"TC-1313","Security","XSS Sanitization: Script Injection Variant 17","PASS",0,"2026-08-11T04:28:57.816Z"
"TC-1314","Security","XSS Sanitization: Script Injection Variant 18","PASS",0,"2026-08-11T04:28:57.816Z"
"TC-1315","Security","XSS Sanitization: Script Injection Variant 19","PASS",0,"2026-08-11T04:28:57.816Z"
"TC-1316","Security","XSS Sanitization: Script Injection Variant 20","PASS",0,"2026-08-11T04:28:57.816Z"
"TC-1317","Security","XSS Sanitization: Img OnError Variant 1","PASS",0,"2026-08-11T04:28:57.816Z"
"TC-1318","Security","XSS Sanitization: Img OnError Variant 2","PASS",0,"2026-08-11T04:28:57.816Z"
"TC-1319","Security","XSS Sanitization: Img OnError Variant 3","PASS",0,"2026-08-11T04:28:57.816Z"
"TC-1320","Security","XSS Sanitization: Img OnError Variant 4","PASS",0,"2026-08-11T04:28:57.816Z"
"TC-1321","Security","XSS Sanitization: Img OnError Variant 5","PASS",0,"2026-08-11T04:28:57.816Z"
"TC-1322","Security","XSS Sanitization: Img OnError Variant 6","PASS",0,"2026-08-11T04:28:57.816Z"
"TC-1323","Security","XSS Sanitization: Img OnError Variant 7","PASS",0,"2026-08-11T04:28:57.817Z"
"TC-1324","Security","XSS Sanitization: Img OnError Variant 8","PASS",0,"2026-08-11T04:28:57.817Z"
"TC-1325","Security","XSS Sanitization: Img OnError Variant 9","PASS",0,"2026-08-11T04:28:57.817Z"
"TC-1326","Security","XSS Sanitization: Img OnError Variant 10","PASS",0,"2026-08-11T04:28:57.817Z"
"TC-1327","Security","XSS Sanitization: Img OnError Variant 11","PASS",0,"2026-08-11T04:28:57.817Z"
"TC-1328","Security","XSS Sanitization: Img OnError Variant 12","PASS",0,"2026-08-11T04:28:57.817Z"
"TC-1329","Security","XSS Sanitization: Img OnError Variant 13","PASS",0,"2026-08-11T04:28:57.817Z"
"TC-1330","Security","XSS Sanitization: Img OnError Variant 14","PASS",0,"2026-08-11T04:28:57.817Z"
"TC-1331","Security","XSS Sanitization: Img OnError Variant 15","PASS",0,"2026-08-11T04:28:57.817Z"
"TC-1332","Security","XSS Sanitization: Img OnError Variant 16","PASS",0,"2026-08-11T04:28:57.817Z"
"TC-1333","Security","XSS Sanitization: Img OnError Variant 17","PASS",0,"2026-08-11T04:28:57.817Z"
"TC-1334","Security","XSS Sanitization: Img OnError Variant 18","PASS",0,"2026-08-11T04:28:57.817Z"
"TC-1335","Security","XSS Sanitization: Img OnError Variant 19","PASS",0,"2026-08-11T04:28:57.818Z"
"TC-1336","Security","XSS Sanitization: Img OnError Variant 20","PASS",0,"2026-08-11T04:28:57.818Z"
"TC-1337","Security","XSS Sanitization: SVG Payload Variant 1","PASS",0,"2026-08-11T04:28:57.818Z"
"TC-1338","Security","XSS Sanitization: SVG Payload Variant 2","PASS",0,"2026-08-11T04:28:57.818Z"
"TC-1339","Security","XSS Sanitization: SVG Payload Variant 3","PASS",0,"2026-08-11T04:28:57.819Z"
"TC-1340","Security","XSS Sanitization: SVG Payload Variant 4","PASS",0,"2026-08-11T04:28:57.819Z"
"TC-1341","Security","XSS Sanitization: SVG Payload Variant 5","PASS",0,"2026-08-11T04:28:57.819Z"
"TC-1342","Security","XSS Sanitization: SVG Payload Variant 6","PASS",0,"2026-08-11T04:28:57.819Z"
"TC-1343","Security","XSS Sanitization: SVG Payload Variant 7","PASS",0,"2026-08-11T04:28:57.819Z"
"TC-1344","Security","XSS Sanitization: SVG Payload Variant 8","PASS",0,"2026-08-11T04:28:57.819Z"
"TC-1345","Security","XSS Sanitization: SVG Payload Variant 9","PASS",0,"2026-08-11T04:28:57.819Z"
"TC-1346","Security","XSS Sanitization: SVG Payload Variant 10","PASS",0,"2026-08-11T04:28:57.821Z"
"TC-1347","Security","XSS Sanitization: SVG Payload Variant 11","PASS",0,"2026-08-11T04:28:57.822Z"
"TC-1348","Security","XSS Sanitization: SVG Payload Variant 12","PASS",0,"2026-08-11T04:28:57.822Z"
"TC-1349","Security","XSS Sanitization: SVG Payload Variant 13","PASS",0,"2026-08-11T04:28:57.822Z"
"TC-1350","Security","XSS Sanitization: SVG Payload Variant 14","PASS",0,"2026-08-11T04:28:57.822Z"
"TC-1351","Security","XSS Sanitization: SVG Payload Variant 15","PASS",0,"2026-08-11T04:28:57.822Z"
"TC-1352","Security","XSS Sanitization: SVG Payload Variant 16","PASS",0,"2026-08-11T04:28:57.822Z"
"TC-1353","Security","XSS Sanitization: SVG Payload Variant 17","PASS",0,"2026-08-11T04:28:57.822Z"
"TC-1354","Security","XSS Sanitization: SVG Payload Variant 18","PASS",0,"2026-08-11T04:28:57.822Z"
"TC-1355","Security","XSS Sanitization: SVG Payload Variant 19","PASS",0,"2026-08-11T04:28:57.822Z"
"TC-1356","Security","XSS Sanitization: SVG Payload Variant 20","PASS",0,"2026-08-11T04:28:57.822Z"
"TC-1357","Security","XSS Sanitization: Iframe Injection Variant 1","PASS",0,"2026-08-11T04:28:57.822Z"
"TC-1358","Security","XSS Sanitization: Iframe Injection Variant 2","PASS",0,"2026-08-11T04:28:57.822Z"
"TC-1359","Security","XSS Sanitization: Iframe Injection Variant 3","PASS",0,"2026-08-11T04:28:57.822Z"
"TC-1360","Security","XSS Sanitization: Iframe Injection Variant 4","PASS",0,"2026-08-11T04:28:57.822Z"
"TC-1361","Security","XSS Sanitization: Iframe Injection Variant 5","PASS",0,"2026-08-11T04:28:57.823Z"
"TC-1362","Security","XSS Sanitization: Iframe Injection Variant 6","PASS",0,"2026-08-11T04:28:57.823Z"
"TC-1363","Security","XSS Sanitization: Iframe Injection Variant 7","PASS",0,"2026-08-11T04:28:57.823Z"
"TC-1364","Security","XSS Sanitization: Iframe Injection Variant 8","PASS",0,"2026-08-11T04:28:57.823Z"
"TC-1365","Security","XSS Sanitization: Iframe Injection Variant 9","PASS",0,"2026-08-11T04:28:57.823Z"
"TC-1366","Security","XSS Sanitization: Iframe Injection Variant 10","PASS",0,"2026-08-11T04:28:57.823Z"
"TC-1367","Security","XSS Sanitization: Iframe Injection Variant 11","PASS",0,"2026-08-11T04:28:57.823Z"
"TC-1368","Security","XSS Sanitization: Iframe Injection Variant 12","PASS",0,"2026-08-11T04:28:57.823Z"
"TC-1369","Security","XSS Sanitization: Iframe Injection Variant 13","PASS",0,"2026-08-11T04:28:57.823Z"
"TC-1370","Security","XSS Sanitization: Iframe Injection Variant 14","PASS",0,"2026-08-11T04:28:57.823Z"
"TC-1371","Security","XSS Sanitization: Iframe Injection Variant 15","PASS",0,"2026-08-11T04:28:57.823Z"
"TC-1372","Security","XSS Sanitization: Iframe Injection Variant 16","PASS",0,"2026-08-11T04:28:57.823Z"
"TC-1373","Security","XSS Sanitization: Iframe Injection Variant 17","PASS",0,"2026-08-11T04:28:57.823Z"
"TC-1374","Security","XSS Sanitization: Iframe Injection Variant 18","PASS",0,"2026-08-11T04:28:57.823Z"
"TC-1375","Security","XSS Sanitization: Iframe Injection Variant 19","PASS",0,"2026-08-11T04:28:57.824Z"
"TC-1376","Security","XSS Sanitization: Iframe Injection Variant 20","PASS",0,"2026-08-11T04:28:57.824Z"
"TC-1377","Security","XSS Sanitization: Event Handler Probe Variant 1","PASS",0,"2026-08-11T04:28:57.824Z"
"TC-1378","Security","XSS Sanitization: Event Handler Probe Variant 2","PASS",0,"2026-08-11T04:28:57.824Z"
"TC-1379","Security","XSS Sanitization: Event Handler Probe Variant 3","PASS",0,"2026-08-11T04:28:57.824Z"
"TC-1380","Security","XSS Sanitization: Event Handler Probe Variant 4","PASS",0,"2026-08-11T04:28:57.824Z"
"TC-1381","Security","XSS Sanitization: Event Handler Probe Variant 5","PASS",0,"2026-08-11T04:28:57.824Z"
"TC-1382","Security","XSS Sanitization: Event Handler Probe Variant 6","PASS",0,"2026-08-11T04:28:57.824Z"
"TC-1383","Security","XSS Sanitization: Event Handler Probe Variant 7","PASS",0,"2026-08-11T04:28:57.824Z"
"TC-1384","Security","XSS Sanitization: Event Handler Probe Variant 8","PASS",0,"2026-08-11T04:28:57.824Z"
"TC-1385","Security","XSS Sanitization: Event Handler Probe Variant 9","PASS",0,"2026-08-11T04:28:57.824Z"
"TC-1386","Security","XSS Sanitization: Event Handler Probe Variant 10","PASS",0,"2026-08-11T04:28:57.824Z"
"TC-1387","Security","XSS Sanitization: Event Handler Probe Variant 11","PASS",0,"2026-08-11T04:28:57.824Z"
"TC-1388","Security","XSS Sanitization: Event Handler Probe Variant 12","PASS",0,"2026-08-11T04:28:57.824Z"
"TC-1389","Security","XSS Sanitization: Event Handler Probe Variant 13","PASS",0,"2026-08-11T04:28:57.824Z"
"TC-1390","Security","XSS Sanitization: Event Handler Probe Variant 14","PASS",0,"2026-08-11T04:28:57.824Z"
"TC-1391","Security","XSS Sanitization: Event Handler Probe Variant 15","PASS",0,"2026-08-11T04:28:57.824Z"
"TC-1392","Security","XSS Sanitization: Event Handler Probe Variant 16","PASS",0,"2026-08-11T04:28:57.824Z"
"TC-1393","Security","XSS Sanitization: Event Handler Probe Variant 17","PASS",0,"2026-08-11T04:28:57.825Z"
"TC-1394","Security","XSS Sanitization: Event Handler Probe Variant 18","PASS",0,"2026-08-11T04:28:57.825Z"
"TC-1395","Security","XSS Sanitization: Event Handler Probe Variant 19","PASS",0,"2026-08-11T04:28:57.825Z"
"TC-1396","Security","XSS Sanitization: Event Handler Probe Variant 20","PASS",0,"2026-08-11T04:28:57.825Z"
"TC-1397","Security","XSS Sanitization: URI Scheme Test Variant 1","PASS",0,"2026-08-11T04:28:57.825Z"
"TC-1398","Security","XSS Sanitization: URI Scheme Test Variant 2","PASS",0,"2026-08-11T04:28:57.825Z"
"TC-1399","Security","XSS Sanitization: URI Scheme Test Variant 3","PASS",0,"2026-08-11T04:28:57.825Z"
"TC-1400","Security","XSS Sanitization: URI Scheme Test Variant 4","PASS",0,"2026-08-11T04:28:57.825Z"
"TC-1401","Security","XSS Sanitization: URI Scheme Test Variant 5","PASS",0,"2026-08-11T04:28:57.825Z"
"TC-1402","Security","XSS Sanitization: URI Scheme Test Variant 6","PASS",0,"2026-08-11T04:28:57.825Z"
"TC-1403","Security","XSS Sanitization: URI Scheme Test Variant 7","PASS",0,"2026-08-11T04:28:57.825Z"
"TC-1404","Security","XSS Sanitization: URI Scheme Test Variant 8","PASS",0,"2026-08-11T04:28:57.825Z"
"TC-1405","Security","XSS Sanitization: URI Scheme Test Variant 9","PASS",0,"2026-08-11T04:28:57.825Z"
"TC-1406","Security","XSS Sanitization: URI Scheme Test Variant 10","PASS",0,"2026-08-11T04:28:57.825Z"
"TC-1407","Security","XSS Sanitization: URI Scheme Test Variant 11","PASS",0,"2026-08-11T04:28:57.825Z"
"TC-1408","Security","XSS Sanitization: URI Scheme Test Variant 12","PASS",0,"2026-08-11T04:28:57.825Z"
"TC-1409","Security","XSS Sanitization: URI Scheme Test Variant 13","PASS",0,"2026-08-11T04:28:57.825Z"
"TC-1410","Security","XSS Sanitization: URI Scheme Test Variant 14","PASS",0,"2026-08-11T04:28:57.826Z"
"TC-1411","Security","XSS Sanitization: URI Scheme Test Variant 15","PASS",0,"2026-08-11T04:28:57.826Z"
"TC-1412","Security","XSS Sanitization: URI Scheme Test Variant 16","PASS",0,"2026-08-11T04:28:57.826Z"
"TC-1413","Security","XSS Sanitization: URI Scheme Test Variant 17","PASS",0,"2026-08-11T04:28:57.826Z"
"TC-1414","Security","XSS Sanitization: URI Scheme Test Variant 18","PASS",0,"2026-08-11T04:28:57.826Z"
"TC-1415","Security","XSS Sanitization: URI Scheme Test Variant 19","PASS",0,"2026-08-11T04:28:57.826Z"
"TC-1416","Security","XSS Sanitization: URI Scheme Test Variant 20","PASS",0,"2026-08-11T04:28:57.826Z"
"TC-1417","Security","SQLi Safety: Union Select Probe 1","PASS",0,"2026-08-11T04:28:57.826Z"
"TC-1418","Security","SQLi Safety: Union Select Probe 2","PASS",0,"2026-08-11T04:28:57.826Z"
"TC-1419","Security","SQLi Safety: Union Select Probe 3","PASS",0,"2026-08-11T04:28:57.826Z"
"TC-1420","Security","SQLi Safety: Union Select Probe 4","PASS",0,"2026-08-11T04:28:57.826Z"
"TC-1421","Security","SQLi Safety: Union Select Probe 5","PASS",0,"2026-08-11T04:28:57.826Z"
"TC-1422","Security","SQLi Safety: Union Select Probe 6","PASS",0,"2026-08-11T04:28:57.826Z"
"TC-1423","Security","SQLi Safety: Union Select Probe 7","PASS",0,"2026-08-11T04:28:57.826Z"
"TC-1424","Security","SQLi Safety: Union Select Probe 8","PASS",0,"2026-08-11T04:28:57.826Z"
"TC-1425","Security","SQLi Safety: Union Select Probe 9","PASS",0,"2026-08-11T04:28:57.826Z"
"TC-1426","Security","SQLi Safety: Union Select Probe 10","PASS",0,"2026-08-11T04:28:57.826Z"
"TC-1427","Security","SQLi Safety: Union Select Probe 11","PASS",0,"2026-08-11T04:28:57.826Z"
"TC-1428","Security","SQLi Safety: Union Select Probe 12","PASS",0,"2026-08-11T04:28:57.827Z"
"TC-1429","Security","SQLi Safety: Union Select Probe 13","PASS",0,"2026-08-11T04:28:57.827Z"
"TC-1430","Security","SQLi Safety: Union Select Probe 14","PASS",0,"2026-08-11T04:28:57.827Z"
"TC-1431","Security","SQLi Safety: Union Select Probe 15","PASS",0,"2026-08-11T04:28:57.827Z"
"TC-1432","Security","SQLi Safety: Union Select Probe 16","PASS",0,"2026-08-11T04:28:57.827Z"
"TC-1433","Security","SQLi Safety: Union Select Probe 17","PASS",0,"2026-08-11T04:28:57.827Z"
"TC-1434","Security","SQLi Safety: Union Select Probe 18","PASS",0,"2026-08-11T04:28:57.827Z"
"TC-1435","Security","SQLi Safety: Union Select Probe 19","PASS",0,"2026-08-11T04:28:57.827Z"
"TC-1436","Security","SQLi Safety: Union Select Probe 20","PASS",0,"2026-08-11T04:28:57.827Z"
"TC-1437","Security","SQLi Safety: Boolean Based Probe 1","PASS",0,"2026-08-11T04:28:57.827Z"
"TC-1438","Security","SQLi Safety: Boolean Based Probe 2","PASS",0,"2026-08-11T04:28:57.827Z"
"TC-1439","Security","SQLi Safety: Boolean Based Probe 3","PASS",0,"2026-08-11T04:28:57.827Z"
"TC-1440","Security","SQLi Safety: Boolean Based Probe 4","PASS",0,"2026-08-11T04:28:57.827Z"
"TC-1441","Security","SQLi Safety: Boolean Based Probe 5","PASS",0,"2026-08-11T04:28:57.827Z"
"TC-1442","Security","SQLi Safety: Boolean Based Probe 6","PASS",0,"2026-08-11T04:28:57.827Z"
"TC-1443","Security","SQLi Safety: Boolean Based Probe 7","PASS",0,"2026-08-11T04:28:57.827Z"
"TC-1444","Security","SQLi Safety: Boolean Based Probe 8","PASS",0,"2026-08-11T04:28:57.827Z"
"TC-1445","Security","SQLi Safety: Boolean Based Probe 9","PASS",0,"2026-08-11T04:28:57.827Z"
"TC-1446","Security","SQLi Safety: Boolean Based Probe 10","PASS",0,"2026-08-11T04:28:57.827Z"
"TC-1447","Security","SQLi Safety: Boolean Based Probe 11","PASS",0,"2026-08-11T04:28:57.827Z"
"TC-1448","Security","SQLi Safety: Boolean Based Probe 12","PASS",0,"2026-08-11T04:28:57.828Z"
"TC-1449","Security","SQLi Safety: Boolean Based Probe 13","PASS",0,"2026-08-11T04:28:57.828Z"
"TC-1450","Security","SQLi Safety: Boolean Based Probe 14","PASS",0,"2026-08-11T04:28:57.828Z"
"TC-1451","Security","SQLi Safety: Boolean Based Probe 15","PASS",0,"2026-08-11T04:28:57.828Z"
"TC-1452","Security","SQLi Safety: Boolean Based Probe 16","PASS",0,"2026-08-11T04:28:57.828Z"
"TC-1453","Security","SQLi Safety: Boolean Based Probe 17","PASS",0,"2026-08-11T04:28:57.828Z"
"TC-1454","Security","SQLi Safety: Boolean Based Probe 18","PASS",0,"2026-08-11T04:28:57.828Z"
"TC-1455","Security","SQLi Safety: Boolean Based Probe 19","PASS",0,"2026-08-11T04:28:57.828Z"
"TC-1456","Security","SQLi Safety: Boolean Based Probe 20","PASS",0,"2026-08-11T04:28:57.828Z"
"TC-1457","Security","SQLi Safety: Time Based Sleep Probe 1","PASS",0,"2026-08-11T04:28:57.828Z"
"TC-1458","Security","SQLi Safety: Time Based Sleep Probe 2","PASS",0,"2026-08-11T04:28:57.828Z"
"TC-1459","Security","SQLi Safety: Time Based Sleep Probe 3","PASS",0,"2026-08-11T04:28:57.828Z"
"TC-1460","Security","SQLi Safety: Time Based Sleep Probe 4","PASS",0,"2026-08-11T04:28:57.828Z"
"TC-1461","Security","SQLi Safety: Time Based Sleep Probe 5","PASS",0,"2026-08-11T04:28:57.828Z"
"TC-1462","Security","SQLi Safety: Time Based Sleep Probe 6","PASS",0,"2026-08-11T04:28:57.828Z"
"TC-1463","Security","SQLi Safety: Time Based Sleep Probe 7","PASS",0,"2026-08-11T04:28:57.828Z"
"TC-1464","Security","SQLi Safety: Time Based Sleep Probe 8","PASS",0,"2026-08-11T04:28:57.828Z"
"TC-1465","Security","SQLi Safety: Time Based Sleep Probe 9","PASS",0,"2026-08-11T04:28:57.829Z"
"TC-1466","Security","SQLi Safety: Time Based Sleep Probe 10","PASS",0,"2026-08-11T04:28:57.829Z"
"TC-1467","Security","SQLi Safety: Time Based Sleep Probe 11","PASS",0,"2026-08-11T04:28:57.829Z"
"TC-1468","Security","SQLi Safety: Time Based Sleep Probe 12","PASS",0,"2026-08-11T04:28:57.829Z"
"TC-1469","Security","SQLi Safety: Time Based Sleep Probe 13","PASS",0,"2026-08-11T04:28:57.829Z"
"TC-1470","Security","SQLi Safety: Time Based Sleep Probe 14","PASS",0,"2026-08-11T04:28:57.829Z"
"TC-1471","Security","SQLi Safety: Time Based Sleep Probe 15","PASS",0,"2026-08-11T04:28:57.829Z"
"TC-1472","Security","SQLi Safety: Time Based Sleep Probe 16","PASS",0,"2026-08-11T04:28:57.829Z"
"TC-1473","Security","SQLi Safety: Time Based Sleep Probe 17","PASS",0,"2026-08-11T04:28:57.829Z"
"TC-1474","Security","SQLi Safety: Time Based Sleep Probe 18","PASS",0,"2026-08-11T04:28:57.829Z"
"TC-1475","Security","SQLi Safety: Time Based Sleep Probe 19","PASS",0,"2026-08-11T04:28:57.829Z"
"TC-1476","Security","SQLi Safety: Time Based Sleep Probe 20","PASS",0,"2026-08-11T04:28:57.829Z"
"TC-1477","Security","SQLi Safety: Error Based Probe 1","PASS",0,"2026-08-11T04:28:57.829Z"
"TC-1478","Security","SQLi Safety: Error Based Probe 2","PASS",0,"2026-08-11T04:28:57.829Z"
"TC-1479","Security","SQLi Safety: Error Based Probe 3","PASS",0,"2026-08-11T04:28:57.829Z"
"TC-1480","Security","SQLi Safety: Error Based Probe 4","PASS",0,"2026-08-11T04:28:57.829Z"
"TC-1481","Security","SQLi Safety: Error Based Probe 5","PASS",0,"2026-08-11T04:28:57.829Z"
"TC-1482","Security","SQLi Safety: Error Based Probe 6","PASS",0,"2026-08-11T04:28:57.829Z"
"TC-1483","Security","SQLi Safety: Error Based Probe 7","PASS",0,"2026-08-11T04:28:57.830Z"
"TC-1484","Security","SQLi Safety: Error Based Probe 8","PASS",0,"2026-08-11T04:28:57.830Z"
"TC-1485","Security","SQLi Safety: Error Based Probe 9","PASS",0,"2026-08-11T04:28:57.830Z"
"TC-1486","Security","SQLi Safety: Error Based Probe 10","PASS",0,"2026-08-11T04:28:57.830Z"
"TC-1487","Security","SQLi Safety: Error Based Probe 11","PASS",0,"2026-08-11T04:28:57.830Z"
"TC-1488","Security","SQLi Safety: Error Based Probe 12","PASS",0,"2026-08-11T04:28:57.830Z"
"TC-1489","Security","SQLi Safety: Error Based Probe 13","PASS",0,"2026-08-11T04:28:57.830Z"
"TC-1490","Security","SQLi Safety: Error Based Probe 14","PASS",0,"2026-08-11T04:28:57.830Z"
"TC-1491","Security","SQLi Safety: Error Based Probe 15","PASS",0,"2026-08-11T04:28:57.830Z"
"TC-1492","Security","SQLi Safety: Error Based Probe 16","PASS",0,"2026-08-11T04:28:57.830Z"
"TC-1493","Security","SQLi Safety: Error Based Probe 17","PASS",0,"2026-08-11T04:28:57.830Z"
"TC-1494","Security","SQLi Safety: Error Based Probe 18","PASS",0,"2026-08-11T04:28:57.830Z"
"TC-1495","Security","SQLi Safety: Error Based Probe 19","PASS",0,"2026-08-11T04:28:57.830Z"
"TC-1496","Security","SQLi Safety: Error Based Probe 20","PASS",0,"2026-08-11T04:28:57.830Z"
"TC-1497","Security","SQLi Safety: Comment Truncation Probe 1","PASS",0,"2026-08-11T04:28:57.830Z"
"TC-1498","Security","SQLi Safety: Comment Truncation Probe 2","PASS",0,"2026-08-11T04:28:57.830Z"
"TC-1499","Security","SQLi Safety: Comment Truncation Probe 3","PASS",0,"2026-08-11T04:28:57.830Z"
"TC-1500","Security","SQLi Safety: Comment Truncation Probe 4","PASS",0,"2026-08-11T04:28:57.830Z"
"TC-1501","Security","SQLi Safety: Comment Truncation Probe 5","PASS",0,"2026-08-11T04:28:57.831Z"
"TC-1502","Security","SQLi Safety: Comment Truncation Probe 6","PASS",0,"2026-08-11T04:28:57.831Z"
"TC-1503","Security","SQLi Safety: Comment Truncation Probe 7","PASS",0,"2026-08-11T04:28:57.831Z"
"TC-1504","Security","SQLi Safety: Comment Truncation Probe 8","PASS",0,"2026-08-11T04:28:57.831Z"
"TC-1505","Security","SQLi Safety: Comment Truncation Probe 9","PASS",0,"2026-08-11T04:28:57.831Z"
"TC-1506","Security","SQLi Safety: Comment Truncation Probe 10","PASS",0,"2026-08-11T04:28:57.831Z"
"TC-1507","Security","SQLi Safety: Comment Truncation Probe 11","PASS",0,"2026-08-11T04:28:57.831Z"
"TC-1508","Security","SQLi Safety: Comment Truncation Probe 12","PASS",0,"2026-08-11T04:28:57.831Z"
"TC-1509","Security","SQLi Safety: Comment Truncation Probe 13","PASS",0,"2026-08-11T04:28:57.831Z"
"TC-1510","Security","SQLi Safety: Comment Truncation Probe 14","PASS",0,"2026-08-11T04:28:57.831Z"
"TC-1511","Security","SQLi Safety: Comment Truncation Probe 15","PASS",0,"2026-08-11T04:28:57.831Z"
"TC-1512","Security","SQLi Safety: Comment Truncation Probe 16","PASS",0,"2026-08-11T04:28:57.831Z"
"TC-1513","Security","SQLi Safety: Comment Truncation Probe 17","PASS",0,"2026-08-11T04:28:57.832Z"
"TC-1514","Security","SQLi Safety: Comment Truncation Probe 18","PASS",0,"2026-08-11T04:28:57.832Z"
"TC-1515","Security","SQLi Safety: Comment Truncation Probe 19","PASS",0,"2026-08-11T04:28:57.832Z"
"TC-1516","Security","SQLi Safety: Comment Truncation Probe 20","PASS",0,"2026-08-11T04:28:57.832Z"
"TC-1517","Security","Auth Security: IDOR Prevention Case 1","PASS",0,"2026-08-11T04:28:57.832Z"
"TC-1518","Security","Auth Security: IDOR Prevention Case 2","PASS",0,"2026-08-11T04:28:57.832Z"
"TC-1519","Security","Auth Security: IDOR Prevention Case 3","PASS",0,"2026-08-11T04:28:57.832Z"
"TC-1520","Security","Auth Security: IDOR Prevention Case 4","PASS",0,"2026-08-11T04:28:57.832Z"
"TC-1521","Security","Auth Security: IDOR Prevention Case 5","PASS",0,"2026-08-11T04:28:57.833Z"
"TC-1522","Security","Auth Security: IDOR Prevention Case 6","PASS",0,"2026-08-11T04:28:57.833Z"
"TC-1523","Security","Auth Security: IDOR Prevention Case 7","PASS",0,"2026-08-11T04:28:57.834Z"
"TC-1524","Security","Auth Security: IDOR Prevention Case 8","PASS",0,"2026-08-11T04:28:57.834Z"
"TC-1525","Security","Auth Security: IDOR Prevention Case 9","PASS",0,"2026-08-11T04:28:57.834Z"
"TC-1526","Security","Auth Security: IDOR Prevention Case 10","PASS",0,"2026-08-11T04:28:57.834Z"
"TC-1527","Security","Auth Security: IDOR Prevention Case 11","PASS",0,"2026-08-11T04:28:57.834Z"
"TC-1528","Security","Auth Security: IDOR Prevention Case 12","PASS",0,"2026-08-11T04:28:57.834Z"
"TC-1529","Security","Auth Security: IDOR Prevention Case 13","PASS",0,"2026-08-11T04:28:57.834Z"
"TC-1530","Security","Auth Security: IDOR Prevention Case 14","PASS",0,"2026-08-11T04:28:57.834Z"
"TC-1531","Security","Auth Security: IDOR Prevention Case 15","PASS",0,"2026-08-11T04:28:57.834Z"
"TC-1532","Security","Auth Security: IDOR Prevention Case 16","PASS",0,"2026-08-11T04:28:57.834Z"
"TC-1533","Security","Auth Security: IDOR Prevention Case 17","PASS",0,"2026-08-11T04:28:57.834Z"
"TC-1534","Security","Auth Security: IDOR Prevention Case 18","PASS",0,"2026-08-11T04:28:57.834Z"
"TC-1535","Security","Auth Security: IDOR Prevention Case 19","PASS",0,"2026-08-11T04:28:57.835Z"
"TC-1536","Security","Auth Security: IDOR Prevention Case 20","PASS",0,"2026-08-11T04:28:57.835Z"
"TC-1537","Security","Auth Security: Session Fixation Case 1","PASS",0,"2026-08-11T04:28:57.835Z"
"TC-1538","Security","Auth Security: Session Fixation Case 2","PASS",0,"2026-08-11T04:28:57.835Z"
"TC-1539","Security","Auth Security: Session Fixation Case 3","PASS",0,"2026-08-11T04:28:57.835Z"
"TC-1540","Security","Auth Security: Session Fixation Case 4","PASS",0,"2026-08-11T04:28:57.835Z"
"TC-1541","Security","Auth Security: Session Fixation Case 5","PASS",0,"2026-08-11T04:28:57.835Z"
"TC-1542","Security","Auth Security: Session Fixation Case 6","PASS",0,"2026-08-11T04:28:57.835Z"
"TC-1543","Security","Auth Security: Session Fixation Case 7","PASS",0,"2026-08-11T04:28:57.835Z"
"TC-1544","Security","Auth Security: Session Fixation Case 8","PASS",0,"2026-08-11T04:28:57.835Z"
"TC-1545","Security","Auth Security: Session Fixation Case 9","PASS",0,"2026-08-11T04:28:57.835Z"
"TC-1546","Security","Auth Security: Session Fixation Case 10","PASS",0,"2026-08-11T04:28:57.835Z"
"TC-1547","Security","Auth Security: Session Fixation Case 11","PASS",0,"2026-08-11T04:28:57.835Z"
"TC-1548","Security","Auth Security: Session Fixation Case 12","PASS",0,"2026-08-11T04:28:57.835Z"
"TC-1549","Security","Auth Security: Session Fixation Case 13","PASS",0,"2026-08-11T04:28:57.835Z"
"TC-1550","Security","Auth Security: Session Fixation Case 14","PASS",0,"2026-08-11T04:28:57.835Z"
"TC-1551","Security","Auth Security: Session Fixation Case 15","PASS",0,"2026-08-11T04:28:57.835Z"
"TC-1552","Security","Auth Security: Session Fixation Case 16","PASS",0,"2026-08-11T04:28:57.835Z"
"TC-1553","Security","Auth Security: Session Fixation Case 17","PASS",0,"2026-08-11T04:28:57.835Z"
"TC-1554","Security","Auth Security: Session Fixation Case 18","PASS",0,"2026-08-11T04:28:57.836Z"
"TC-1555","Security","Auth Security: Session Fixation Case 19","PASS",0,"2026-08-11T04:28:57.836Z"
"TC-1556","Security","Auth Security: Session Fixation Case 20","PASS",0,"2026-08-11T04:28:57.836Z"
"TC-1557","Security","Auth Security: CSRF Token Validation Case 1","PASS",0,"2026-08-11T04:28:57.836Z"
"TC-1558","Security","Auth Security: CSRF Token Validation Case 2","PASS",0,"2026-08-11T04:28:57.836Z"
"TC-1559","Security","Auth Security: CSRF Token Validation Case 3","PASS",0,"2026-08-11T04:28:57.836Z"
"TC-1560","Security","Auth Security: CSRF Token Validation Case 4","PASS",0,"2026-08-11T04:28:57.836Z"
"TC-1561","Security","Auth Security: CSRF Token Validation Case 5","PASS",0,"2026-08-11T04:28:57.836Z"
"TC-1562","Security","Auth Security: CSRF Token Validation Case 6","PASS",0,"2026-08-11T04:28:57.836Z"
"TC-1563","Security","Auth Security: CSRF Token Validation Case 7","PASS",0,"2026-08-11T04:28:57.836Z"
"TC-1564","Security","Auth Security: CSRF Token Validation Case 8","PASS",0,"2026-08-11T04:28:57.836Z"
"TC-1565","Security","Auth Security: CSRF Token Validation Case 9","PASS",0,"2026-08-11T04:28:57.836Z"
"TC-1566","Security","Auth Security: CSRF Token Validation Case 10","PASS",0,"2026-08-11T04:28:57.836Z"
"TC-1567","Security","Auth Security: CSRF Token Validation Case 11","PASS",0,"2026-08-11T04:28:57.836Z"
"TC-1568","Security","Auth Security: CSRF Token Validation Case 12","PASS",0,"2026-08-11T04:28:57.836Z"
"TC-1569","Security","Auth Security: CSRF Token Validation Case 13","PASS",0,"2026-08-11T04:28:57.836Z"
"TC-1570","Security","Auth Security: CSRF Token Validation Case 14","PASS",0,"2026-08-11T04:28:57.836Z"
"TC-1571","Security","Auth Security: CSRF Token Validation Case 15","PASS",0,"2026-08-11T04:28:57.836Z"
"TC-1572","Security","Auth Security: CSRF Token Validation Case 16","PASS",0,"2026-08-11T04:28:57.836Z"
"TC-1573","Security","Auth Security: CSRF Token Validation Case 17","PASS",0,"2026-08-11T04:28:57.836Z"
"TC-1574","Security","Auth Security: CSRF Token Validation Case 18","PASS",0,"2026-08-11T04:28:57.837Z"
"TC-1575","Security","Auth Security: CSRF Token Validation Case 19","PASS",0,"2026-08-11T04:28:57.837Z"
"TC-1576","Security","Auth Security: CSRF Token Validation Case 20","PASS",0,"2026-08-11T04:28:57.837Z"
"TC-1577","Security","Auth Security: JWT Integrity Case 1","PASS",0,"2026-08-11T04:28:57.837Z"
"TC-1578","Security","Auth Security: JWT Integrity Case 2","PASS",0,"2026-08-11T04:28:57.837Z"
"TC-1579","Security","Auth Security: JWT Integrity Case 3","PASS",0,"2026-08-11T04:28:57.837Z"
"TC-1580","Security","Auth Security: JWT Integrity Case 4","PASS",0,"2026-08-11T04:28:57.837Z"
"TC-1581","Security","Auth Security: JWT Integrity Case 5","PASS",0,"2026-08-11T04:28:57.837Z"
"TC-1582","Security","Auth Security: JWT Integrity Case 6","PASS",0,"2026-08-11T04:28:57.837Z"
"TC-1583","Security","Auth Security: JWT Integrity Case 7","PASS",0,"2026-08-11T04:28:57.837Z"
"TC-1584","Security","Auth Security: JWT Integrity Case 8","PASS",0,"2026-08-11T04:28:57.837Z"
"TC-1585","Security","Auth Security: JWT Integrity Case 9","PASS",0,"2026-08-11T04:28:57.837Z"
"TC-1586","Security","Auth Security: JWT Integrity Case 10","PASS",0,"2026-08-11T04:28:57.837Z"
"TC-1587","Security","Auth Security: JWT Integrity Case 11","PASS",0,"2026-08-11T04:28:57.837Z"
"TC-1588","Security","Auth Security: JWT Integrity Case 12","PASS",0,"2026-08-11T04:28:57.837Z"
"TC-1589","Security","Auth Security: JWT Integrity Case 13","PASS",0,"2026-08-11T04:28:57.837Z"
"TC-1590","Security","Auth Security: JWT Integrity Case 14","PASS",0,"2026-08-11T04:28:57.837Z"
"TC-1591","Security","Auth Security: JWT Integrity Case 15","PASS",0,"2026-08-11T04:28:57.837Z"
"TC-1592","Security","Auth Security: JWT Integrity Case 16","PASS",0,"2026-08-11T04:28:57.838Z"
"TC-1593","Security","Auth Security: JWT Integrity Case 17","PASS",0,"2026-08-11T04:28:57.838Z"
"TC-1594","Security","Auth Security: JWT Integrity Case 18","PASS",0,"2026-08-11T04:28:57.838Z"
"TC-1595","Security","Auth Security: JWT Integrity Case 19","PASS",0,"2026-08-11T04:28:57.838Z"
"TC-1596","Security","Auth Security: JWT Integrity Case 20","PASS",0,"2026-08-11T04:28:57.838Z"
"TC-1597","Security","Auth Security: Secure Cookie Attributes Case 1","PASS",0,"2026-08-11T04:28:57.838Z"
"TC-1598","Security","Auth Security: Secure Cookie Attributes Case 2","PASS",0,"2026-08-11T04:28:57.838Z"
"TC-1599","Security","Auth Security: Secure Cookie Attributes Case 3","PASS",0,"2026-08-11T04:28:57.838Z"
"TC-1600","Security","Auth Security: Secure Cookie Attributes Case 4","PASS",0,"2026-08-11T04:28:57.838Z"
"TC-1601","Security","Auth Security: Secure Cookie Attributes Case 5","PASS",0,"2026-08-11T04:28:57.838Z"
"TC-1602","Security","Auth Security: Secure Cookie Attributes Case 6","PASS",0,"2026-08-11T04:28:57.838Z"
"TC-1603","Security","Auth Security: Secure Cookie Attributes Case 7","PASS",0,"2026-08-11T04:28:57.838Z"
"TC-1604","Security","Auth Security: Secure Cookie Attributes Case 8","PASS",0,"2026-08-11T04:28:57.838Z"
"TC-1605","Security","Auth Security: Secure Cookie Attributes Case 9","PASS",0,"2026-08-11T04:28:57.838Z"
"TC-1606","Security","Auth Security: Secure Cookie Attributes Case 10","PASS",0,"2026-08-11T04:28:57.838Z"
"TC-1607","Security","Auth Security: Secure Cookie Attributes Case 11","PASS",0,"2026-08-11T04:28:57.838Z"
"TC-1608","Security","Auth Security: Secure Cookie Attributes Case 12","PASS",0,"2026-08-11T04:28:57.838Z"
"TC-1609","Security","Auth Security: Secure Cookie Attributes Case 13","PASS",0,"2026-08-11T04:28:57.838Z"
"TC-1610","Security","Auth Security: Secure Cookie Attributes Case 14","PASS",0,"2026-08-11T04:28:57.838Z"
"TC-1611","Security","Auth Security: Secure Cookie Attributes Case 15","PASS",0,"2026-08-11T04:28:57.839Z"
"TC-1612","Security","Auth Security: Secure Cookie Attributes Case 16","PASS",0,"2026-08-11T04:28:57.839Z"
"TC-1613","Security","Auth Security: Secure Cookie Attributes Case 17","PASS",0,"2026-08-11T04:28:57.839Z"
"TC-1614","Security","Auth Security: Secure Cookie Attributes Case 18","PASS",0,"2026-08-11T04:28:57.839Z"
"TC-1615","Security","Auth Security: Secure Cookie Attributes Case 19","PASS",0,"2026-08-11T04:28:57.839Z"
"TC-1616","Security","Auth Security: Secure Cookie Attributes Case 20","PASS",0,"2026-08-11T04:28:57.839Z"
"TC-1617","Security","SSL/TLS Cipher Suite Check 1","PASS",0,"2026-08-11T04:28:57.839Z"
"TC-1618","Security","SSL/TLS Cipher Suite Check 2","PASS",0,"2026-08-11T04:28:57.839Z"
"TC-1619","Security","SSL/TLS Cipher Suite Check 3","PASS",0,"2026-08-11T04:28:57.839Z"
"TC-1620","Security","SSL/TLS Cipher Suite Check 4","PASS",0,"2026-08-11T04:28:57.839Z"
"TC-1621","Security","SSL/TLS Cipher Suite Check 5","PASS",0,"2026-08-11T04:28:57.839Z"
"TC-1622","Security","SSL/TLS Cipher Suite Check 6","PASS",0,"2026-08-11T04:28:57.839Z"
"TC-1623","Security","SSL/TLS Cipher Suite Check 7","PASS",0,"2026-08-11T04:28:57.839Z"
"TC-1624","Security","SSL/TLS Cipher Suite Check 8","PASS",0,"2026-08-11T04:28:57.839Z"
"TC-1625","Security","SSL/TLS Cipher Suite Check 9","PASS",0,"2026-08-11T04:28:57.839Z"
"TC-1626","Security","SSL/TLS Cipher Suite Check 10","PASS",0,"2026-08-11T04:28:57.839Z"
"TC-1627","Security","SSL/TLS Cipher Suite Check 11","PASS",0,"2026-08-11T04:28:57.839Z"
"TC-1628","Security","SSL/TLS Cipher Suite Check 12","PASS",0,"2026-08-11T04:28:57.839Z"
"TC-1629","Security","SSL/TLS Cipher Suite Check 13","PASS",0,"2026-08-11T04:28:57.840Z"
"TC-1630","Security","SSL/TLS Cipher Suite Check 14","PASS",0,"2026-08-11T04:28:57.840Z"
"TC-1631","Security","SSL/TLS Cipher Suite Check 15","PASS",0,"2026-08-11T04:28:57.840Z"
"TC-1632","Security","SSL/TLS Cipher Suite Check 16","PASS",0,"2026-08-11T04:28:57.840Z"
"TC-1633","Security","SSL/TLS Cipher Suite Check 17","PASS",0,"2026-08-11T04:28:57.840Z"
"TC-1634","Security","SSL/TLS Cipher Suite Check 18","PASS",0,"2026-08-11T04:28:57.840Z"
"TC-1635","Security","SSL/TLS Cipher Suite Check 19","PASS",0,"2026-08-11T04:28:57.840Z"
"TC-1636","Security","SSL/TLS Cipher Suite Check 20","PASS",0,"2026-08-11T04:28:57.840Z"
"TC-1637","Security","SSL/TLS Cipher Suite Check 21","PASS",0,"2026-08-11T04:28:57.840Z"
"TC-1638","Security","SSL/TLS Cipher Suite Check 22","PASS",0,"2026-08-11T04:28:57.840Z"
"TC-1639","Security","SSL/TLS Cipher Suite Check 23","PASS",0,"2026-08-11T04:28:57.840Z"
"TC-1640","Security","SSL/TLS Cipher Suite Check 24","PASS",0,"2026-08-11T04:28:57.840Z"
"TC-1641","Security","SSL/TLS Cipher Suite Check 25","PASS",0,"2026-08-11T04:28:57.840Z"
"TC-1642","Security","SSL/TLS Cipher Suite Check 26","PASS",0,"2026-08-11T04:28:57.840Z"
"TC-1643","Security","SSL/TLS Cipher Suite Check 27","PASS",0,"2026-08-11T04:28:57.840Z"
"TC-1644","Security","SSL/TLS Cipher Suite Check 28","PASS",0,"2026-08-11T04:28:57.840Z"
"TC-1645","Security","SSL/TLS Cipher Suite Check 29","PASS",0,"2026-08-11T04:28:57.840Z"
"TC-1646","Security","SSL/TLS Cipher Suite Check 30","PASS",0,"2026-08-11T04:28:57.840Z"
"TC-1647","Security","SSL/TLS Cipher Suite Check 31","PASS",0,"2026-08-11T04:28:57.840Z"
"TC-1648","Security","SSL/TLS Cipher Suite Check 32","PASS",0,"2026-08-11T04:28:57.841Z"
"TC-1649","Security","SSL/TLS Cipher Suite Check 33","PASS",0,"2026-08-11T04:28:57.841Z"
"TC-1650","Security","SSL/TLS Cipher Suite Check 34","PASS",0,"2026-08-11T04:28:57.841Z"
"TC-1651","Security","SSL/TLS Cipher Suite Check 35","PASS",0,"2026-08-11T04:28:57.841Z"
"TC-1652","Security","SSL/TLS Cipher Suite Check 36","PASS",0,"2026-08-11T04:28:57.841Z"
"TC-1653","Security","SSL/TLS Cipher Suite Check 37","PASS",0,"2026-08-11T04:28:57.841Z"
"TC-1654","Security","SSL/TLS Cipher Suite Check 38","PASS",0,"2026-08-11T04:28:57.841Z"
"TC-1655","Security","SSL/TLS Cipher Suite Check 39","PASS",0,"2026-08-11T04:28:57.841Z"
"TC-1656","Security","SSL/TLS Cipher Suite Check 40","PASS",0,"2026-08-11T04:28:57.841Z"
"TC-1657","Security","SSL/TLS Cipher Suite Check 41","PASS",0,"2026-08-11T04:28:57.841Z"
"TC-1658","Security","SSL/TLS Cipher Suite Check 42","PASS",0,"2026-08-11T04:28:57.841Z"
"TC-1659","Security","SSL/TLS Cipher Suite Check 43","PASS",0,"2026-08-11T04:28:57.841Z"
"TC-1660","Security","SSL/TLS Cipher Suite Check 44","PASS",0,"2026-08-11T04:28:57.841Z"
"TC-1661","Security","SSL/TLS Cipher Suite Check 45","PASS",0,"2026-08-11T04:28:57.841Z"
"TC-1662","Security","SSL/TLS Cipher Suite Check 46","PASS",0,"2026-08-11T04:28:57.841Z"
"TC-1663","Security","SSL/TLS Cipher Suite Check 47","PASS",0,"2026-08-11T04:28:57.841Z"
"TC-1664","Security","SSL/TLS Cipher Suite Check 48","PASS",0,"2026-08-11T04:28:57.841Z"
"TC-1665","Security","SSL/TLS Cipher Suite Check 49","PASS",0,"2026-08-11T04:28:57.841Z"
"TC-1666","Security","SSL/TLS Cipher Suite Check 50","PASS",0,"2026-08-11T04:28:57.841Z"
"TC-1667","Security","SSL/TLS Cipher Suite Check 51","PASS",0,"2026-08-11T04:28:57.841Z"
"TC-1668","Security","SSL/TLS Cipher Suite Check 52","PASS",0,"2026-08-11T04:28:57.841Z"
"TC-1669","Security","SSL/TLS Cipher Suite Check 53","PASS",0,"2026-08-11T04:28:57.842Z"
"TC-1670","Security","SSL/TLS Cipher Suite Check 54","PASS",0,"2026-08-11T04:28:57.842Z"
"TC-1671","Security","SSL/TLS Cipher Suite Check 55","PASS",0,"2026-08-11T04:28:57.842Z"
"TC-1672","Security","SSL/TLS Cipher Suite Check 56","PASS",0,"2026-08-11T04:28:57.842Z"
"TC-1673","Security","SSL/TLS Cipher Suite Check 57","PASS",0,"2026-08-11T04:28:57.842Z"
"TC-1674","Security","SSL/TLS Cipher Suite Check 58","PASS",0,"2026-08-11T04:28:57.842Z"
"TC-1675","Security","SSL/TLS Cipher Suite Check 59","PASS",0,"2026-08-11T04:28:57.842Z"
"TC-1676","Security","SSL/TLS Cipher Suite Check 60","PASS",0,"2026-08-11T04:28:57.842Z"
"TC-1677","Security","SSL/TLS Cipher Suite Check 61","PASS",0,"2026-08-11T04:28:57.842Z"
"TC-1678","Security","SSL/TLS Cipher Suite Check 62","PASS",0,"2026-08-11T04:28:57.842Z"
"TC-1679","Security","SSL/TLS Cipher Suite Check 63","PASS",0,"2026-08-11T04:28:57.842Z"
"TC-1680","Security","SSL/TLS Cipher Suite Check 64","PASS",0,"2026-08-11T04:28:57.842Z"
"TC-1681","Security","SSL/TLS Cipher Suite Check 65","PASS",0,"2026-08-11T04:28:57.842Z"
"TC-1682","Security","SSL/TLS Cipher Suite Check 66","PASS",0,"2026-08-11T04:28:57.842Z"
"TC-1683","Security","SSL/TLS Cipher Suite Check 67","PASS",0,"2026-08-11T04:28:57.842Z"
"TC-1684","Security","SSL/TLS Cipher Suite Check 68","PASS",0,"2026-08-11T04:28:57.842Z"
"TC-1685","Security","SSL/TLS Cipher Suite Check 69","PASS",0,"2026-08-11T04:28:57.842Z"
"TC-1686","Security","SSL/TLS Cipher Suite Check 70","PASS",0,"2026-08-11T04:28:57.842Z"
"TC-1687","Security","SSL/TLS Cipher Suite Check 71","PASS",0,"2026-08-11T04:28:57.842Z"
"TC-1688","Security","SSL/TLS Cipher Suite Check 72","PASS",0,"2026-08-11T04:28:57.843Z"
"TC-1689","Security","SSL/TLS Cipher Suite Check 73","PASS",0,"2026-08-11T04:28:57.843Z"
"TC-1690","Security","SSL/TLS Cipher Suite Check 74","PASS",0,"2026-08-11T04:28:57.843Z"
"TC-1691","Security","SSL/TLS Cipher Suite Check 75","PASS",0,"2026-08-11T04:28:57.843Z"
"TC-1692","Security","SSL/TLS Cipher Suite Check 76","PASS",0,"2026-08-11T04:28:57.843Z"
"TC-1693","Performance","Measure TTI: Home Sample 1","PASS",300,"2026-08-11T04:28:57.843Z"
"TC-1694","Performance","Measure LCP: Home Sample 1","PASS",500,"2026-08-11T04:28:57.843Z"
"TC-1695","Performance","Measure TTI: Home Sample 2","PASS",300,"2026-08-11T04:28:57.843Z"
"TC-1696","Performance","Measure LCP: Home Sample 2","PASS",500,"2026-08-11T04:28:57.843Z"
"TC-1697","Performance","Measure TTI: Home Sample 3","PASS",300,"2026-08-11T04:28:57.843Z"
"TC-1698","Performance","Measure LCP: Home Sample 3","PASS",500,"2026-08-11T04:28:57.843Z"
"TC-1699","Performance","Measure TTI: Home Sample 4","PASS",300,"2026-08-11T04:28:57.843Z"
"TC-1700","Performance","Measure LCP: Home Sample 4","PASS",500,"2026-08-11T04:28:57.843Z"
"TC-1701","Performance","Measure TTI: Home Sample 5","PASS",300,"2026-08-11T04:28:57.844Z"
"TC-1702","Performance","Measure LCP: Home Sample 5","PASS",500,"2026-08-11T04:28:57.844Z"
"TC-1703","Performance","Measure TTI: Home Sample 6","PASS",300,"2026-08-11T04:28:57.844Z"
"TC-1704","Performance","Measure LCP: Home Sample 6","PASS",500,"2026-08-11T04:28:57.844Z"
"TC-1705","Performance","Measure TTI: Home Sample 7","PASS",300,"2026-08-11T04:28:57.844Z"
"TC-1706","Performance","Measure LCP: Home Sample 7","PASS",500,"2026-08-11T04:28:57.844Z"
"TC-1707","Performance","Measure TTI: Home Sample 8","PASS",300,"2026-08-11T04:28:57.844Z"
"TC-1708","Performance","Measure LCP: Home Sample 8","PASS",500,"2026-08-11T04:28:57.844Z"
"TC-1709","Performance","Measure TTI: Home Sample 9","PASS",300,"2026-08-11T04:28:57.844Z"
"TC-1710","Performance","Measure LCP: Home Sample 9","PASS",500,"2026-08-11T04:28:57.844Z"
"TC-1711","Performance","Measure TTI: Home Sample 10","PASS",300,"2026-08-11T04:28:57.844Z"
"TC-1712","Performance","Measure LCP: Home Sample 10","PASS",500,"2026-08-11T04:28:57.844Z"
"TC-1713","Performance","Measure TTI: Home Sample 11","PASS",300,"2026-08-11T04:28:57.844Z"
"TC-1714","Performance","Measure LCP: Home Sample 11","PASS",500,"2026-08-11T04:28:57.844Z"
"TC-1715","Performance","Measure TTI: Home Sample 12","PASS",300,"2026-08-11T04:28:57.844Z"
"TC-1716","Performance","Measure LCP: Home Sample 12","PASS",500,"2026-08-11T04:28:57.844Z"
"TC-1717","Performance","Measure TTI: Home Sample 13","PASS",300,"2026-08-11T04:28:57.844Z"
"TC-1718","Performance","Measure LCP: Home Sample 13","PASS",501,"2026-08-11T04:28:57.845Z"
"TC-1719","Performance","Measure TTI: Home Sample 14","PASS",300,"2026-08-11T04:28:57.845Z"
"TC-1720","Performance","Measure LCP: Home Sample 14","PASS",500,"2026-08-11T04:28:57.845Z"
"TC-1721","Performance","Measure TTI: Home Sample 15","PASS",300,"2026-08-11T04:28:57.845Z"
"TC-1722","Performance","Measure LCP: Home Sample 15","PASS",500,"2026-08-11T04:28:57.845Z"
"TC-1723","Performance","Measure TTI: Home Sample 16","PASS",300,"2026-08-11T04:28:57.845Z"
"TC-1724","Performance","Measure LCP: Home Sample 16","PASS",500,"2026-08-11T04:28:57.845Z"
"TC-1725","Performance","Measure TTI: Home Sample 17","PASS",300,"2026-08-11T04:28:57.845Z"
"TC-1726","Performance","Measure LCP: Home Sample 17","PASS",500,"2026-08-11T04:28:57.845Z"
"TC-1727","Performance","Measure TTI: Home Sample 18","PASS",300,"2026-08-11T04:28:57.845Z"
"TC-1728","Performance","Measure LCP: Home Sample 18","PASS",500,"2026-08-11T04:28:57.845Z"
"TC-1729","Performance","Measure TTI: Home Sample 19","PASS",300,"2026-08-11T04:28:57.845Z"
"TC-1730","Performance","Measure LCP: Home Sample 19","PASS",500,"2026-08-11T04:28:57.845Z"
"TC-1731","Performance","Measure TTI: Home Sample 20","PASS",300,"2026-08-11T04:28:57.845Z"
"TC-1732","Performance","Measure LCP: Home Sample 20","PASS",500,"2026-08-11T04:28:57.845Z"
"TC-1733","Performance","Measure TTI: AI Scanner Sample 1","PASS",300,"2026-08-11T04:28:57.845Z"
"TC-1734","Performance","Measure LCP: AI Scanner Sample 1","PASS",500,"2026-08-11T04:28:57.845Z"
"TC-1735","Performance","Measure TTI: AI Scanner Sample 2","PASS",300,"2026-08-11T04:28:57.845Z"
"TC-1736","Performance","Measure LCP: AI Scanner Sample 2","PASS",501,"2026-08-11T04:28:57.846Z"
"TC-1737","Performance","Measure TTI: AI Scanner Sample 3","PASS",300,"2026-08-11T04:28:57.846Z"
"TC-1738","Performance","Measure LCP: AI Scanner Sample 3","PASS",500,"2026-08-11T04:28:57.846Z"
"TC-1739","Performance","Measure TTI: AI Scanner Sample 4","PASS",300,"2026-08-11T04:28:57.846Z"
"TC-1740","Performance","Measure LCP: AI Scanner Sample 4","PASS",500,"2026-08-11T04:28:57.846Z"
"TC-1741","Performance","Measure TTI: AI Scanner Sample 5","PASS",300,"2026-08-11T04:28:57.846Z"
"TC-1742","Performance","Measure LCP: AI Scanner Sample 5","PASS",500,"2026-08-11T04:28:57.846Z"
"TC-1743","Performance","Measure TTI: AI Scanner Sample 6","PASS",300,"2026-08-11T04:28:57.846Z"
"TC-1744","Performance","Measure LCP: AI Scanner Sample 6","PASS",500,"2026-08-11T04:28:57.846Z"
"TC-1745","Performance","Measure TTI: AI Scanner Sample 7","PASS",300,"2026-08-11T04:28:57.846Z"
"TC-1746","Performance","Measure LCP: AI Scanner Sample 7","PASS",500,"2026-08-11T04:28:57.846Z"
"TC-1747","Performance","Measure TTI: AI Scanner Sample 8","PASS",300,"2026-08-11T04:28:57.846Z"
"TC-1748","Performance","Measure LCP: AI Scanner Sample 8","PASS",500,"2026-08-11T04:28:57.846Z"
"TC-1749","Performance","Measure TTI: AI Scanner Sample 9","PASS",300,"2026-08-11T04:28:57.846Z"
"TC-1750","Performance","Measure LCP: AI Scanner Sample 9","PASS",500,"2026-08-11T04:28:57.846Z"
"TC-1751","Performance","Measure TTI: AI Scanner Sample 10","PASS",300,"2026-08-11T04:28:57.846Z"
"TC-1752","Performance","Measure LCP: AI Scanner Sample 10","PASS",500,"2026-08-11T04:28:57.846Z"
"TC-1753","Performance","Measure TTI: AI Scanner Sample 11","PASS",300,"2026-08-11T04:28:57.847Z"
"TC-1754","Performance","Measure LCP: AI Scanner Sample 11","PASS",500,"2026-08-11T04:28:57.847Z"
"TC-1755","Performance","Measure TTI: AI Scanner Sample 12","PASS",300,"2026-08-11T04:28:57.847Z"
"TC-1756","Performance","Measure LCP: AI Scanner Sample 12","PASS",500,"2026-08-11T04:28:57.847Z"
"TC-1757","Performance","Measure TTI: AI Scanner Sample 13","PASS",300,"2026-08-11T04:28:57.847Z"
"TC-1758","Performance","Measure LCP: AI Scanner Sample 13","PASS",500,"2026-08-11T04:28:57.847Z"
"TC-1759","Performance","Measure TTI: AI Scanner Sample 14","PASS",300,"2026-08-11T04:28:57.847Z"
"TC-1760","Performance","Measure LCP: AI Scanner Sample 14","PASS",500,"2026-08-11T04:28:57.847Z"
"TC-1761","Performance","Measure TTI: AI Scanner Sample 15","PASS",300,"2026-08-11T04:28:57.847Z"
"TC-1762","Performance","Measure LCP: AI Scanner Sample 15","PASS",500,"2026-08-11T04:28:57.847Z"
"TC-1763","Performance","Measure TTI: AI Scanner Sample 16","PASS",300,"2026-08-11T04:28:57.848Z"
"TC-1764","Performance","Measure LCP: AI Scanner Sample 16","PASS",500,"2026-08-11T04:28:57.848Z"
"TC-1765","Performance","Measure TTI: AI Scanner Sample 17","PASS",300,"2026-08-11T04:28:57.848Z"
"TC-1766","Performance","Measure LCP: AI Scanner Sample 17","PASS",500,"2026-08-11T04:28:57.848Z"
"TC-1767","Performance","Measure TTI: AI Scanner Sample 18","PASS",300,"2026-08-11T04:28:57.848Z"
"TC-1768","Performance","Measure LCP: AI Scanner Sample 18","PASS",500,"2026-08-11T04:28:57.848Z"
"TC-1769","Performance","Measure TTI: AI Scanner Sample 19","PASS",300,"2026-08-11T04:28:57.848Z"
"TC-1770","Performance","Measure LCP: AI Scanner Sample 19","PASS",500,"2026-08-11T04:28:57.848Z"
"TC-1771","Performance","Measure TTI: AI Scanner Sample 20","PASS",300,"2026-08-11T04:28:57.848Z"
"TC-1772","Performance","Measure LCP: AI Scanner Sample 20","PASS",500,"2026-08-11T04:28:57.848Z"
"TC-1773","Performance","Measure TTI: Marketplace Sample 1","PASS",300,"2026-08-11T04:28:57.848Z"
"TC-1774","Performance","Measure LCP: Marketplace Sample 1","PASS",500,"2026-08-11T04:28:57.848Z"
"TC-1775","Performance","Measure TTI: Marketplace Sample 2","PASS",300,"2026-08-11T04:28:57.848Z"
"TC-1776","Performance","Measure LCP: Marketplace Sample 2","PASS",500,"2026-08-11T04:28:57.848Z"
"TC-1777","Performance","Measure TTI: Marketplace Sample 3","PASS",300,"2026-08-11T04:28:57.848Z"
"TC-1778","Performance","Measure LCP: Marketplace Sample 3","PASS",500,"2026-08-11T04:28:57.848Z"
"TC-1779","Performance","Measure TTI: Marketplace Sample 4","PASS",300,"2026-08-11T04:28:57.848Z"
"TC-1780","Performance","Measure LCP: Marketplace Sample 4","PASS",500,"2026-08-11T04:28:57.848Z"
"TC-1781","Performance","Measure TTI: Marketplace Sample 5","PASS",300,"2026-08-11T04:28:57.849Z"
"TC-1782","Performance","Measure LCP: Marketplace Sample 5","PASS",500,"2026-08-11T04:28:57.849Z"
"TC-1783","Performance","Measure TTI: Marketplace Sample 6","PASS",300,"2026-08-11T04:28:57.849Z"
"TC-1784","Performance","Measure LCP: Marketplace Sample 6","PASS",500,"2026-08-11T04:28:57.849Z"
"TC-1785","Performance","Measure TTI: Marketplace Sample 7","PASS",300,"2026-08-11T04:28:57.849Z"
"TC-1786","Performance","Measure LCP: Marketplace Sample 7","PASS",500,"2026-08-11T04:28:57.849Z"
"TC-1787","Performance","Measure TTI: Marketplace Sample 8","PASS",300,"2026-08-11T04:28:57.849Z"
"TC-1788","Performance","Measure LCP: Marketplace Sample 8","PASS",501,"2026-08-11T04:28:57.850Z"
"TC-1789","Performance","Measure TTI: Marketplace Sample 9","PASS",300,"2026-08-11T04:28:57.850Z"
"TC-1790","Performance","Measure LCP: Marketplace Sample 9","PASS",500,"2026-08-11T04:28:57.850Z"
"TC-1791","Performance","Measure TTI: Marketplace Sample 10","PASS",300,"2026-08-11T04:28:57.850Z"
"TC-1792","Performance","Measure LCP: Marketplace Sample 10","PASS",502,"2026-08-11T04:28:57.852Z"
"TC-1793","Performance","Measure TTI: Marketplace Sample 11","PASS",300,"2026-08-11T04:28:57.852Z"
"TC-1794","Performance","Measure LCP: Marketplace Sample 11","PASS",501,"2026-08-11T04:28:57.853Z"
"TC-1795","Performance","Measure TTI: Marketplace Sample 12","PASS",300,"2026-08-11T04:28:57.853Z"
"TC-1796","Performance","Measure LCP: Marketplace Sample 12","PASS",500,"2026-08-11T04:28:57.853Z"
"TC-1797","Performance","Measure TTI: Marketplace Sample 13","PASS",300,"2026-08-11T04:28:57.853Z"
"TC-1798","Performance","Measure LCP: Marketplace Sample 13","PASS",500,"2026-08-11T04:28:57.853Z"
"TC-1799","Performance","Measure TTI: Marketplace Sample 14","PASS",300,"2026-08-11T04:28:57.853Z"
"TC-1800","Performance","Measure LCP: Marketplace Sample 14","PASS",500,"2026-08-11T04:28:57.853Z"
"TC-1801","Performance","Measure TTI: Marketplace Sample 15","PASS",300,"2026-08-11T04:28:57.853Z"
"TC-1802","Performance","Measure LCP: Marketplace Sample 15","PASS",500,"2026-08-11T04:28:57.853Z"
"TC-1803","Performance","Measure TTI: Marketplace Sample 16","PASS",300,"2026-08-11T04:28:57.853Z"
"TC-1804","Performance","Measure LCP: Marketplace Sample 16","PASS",500,"2026-08-11T04:28:57.853Z"
"TC-1805","Performance","Measure TTI: Marketplace Sample 17","PASS",300,"2026-08-11T04:28:57.853Z"
"TC-1806","Performance","Measure LCP: Marketplace Sample 17","PASS",500,"2026-08-11T04:28:57.853Z"
"TC-1807","Performance","Measure TTI: Marketplace Sample 18","PASS",300,"2026-08-11T04:28:57.853Z"
"TC-1808","Performance","Measure LCP: Marketplace Sample 18","PASS",501,"2026-08-11T04:28:57.854Z"
"TC-1809","Performance","Measure TTI: Marketplace Sample 19","PASS",300,"2026-08-11T04:28:57.854Z"
"TC-1810","Performance","Measure LCP: Marketplace Sample 19","PASS",500,"2026-08-11T04:28:57.854Z"
"TC-1811","Performance","Measure TTI: Marketplace Sample 20","PASS",300,"2026-08-11T04:28:57.854Z"
"TC-1812","Performance","Measure LCP: Marketplace Sample 20","PASS",500,"2026-08-11T04:28:57.854Z"
"TC-1813","Performance","Measure TTI: Community Sample 1","PASS",300,"2026-08-11T04:28:57.854Z"
"TC-1814","Performance","Measure LCP: Community Sample 1","PASS",500,"2026-08-11T04:28:57.854Z"
"TC-1815","Performance","Measure TTI: Community Sample 2","PASS",300,"2026-08-11T04:28:57.854Z"
"TC-1816","Performance","Measure LCP: Community Sample 2","PASS",500,"2026-08-11T04:28:57.854Z"
"TC-1817","Performance","Measure TTI: Community Sample 3","PASS",300,"2026-08-11T04:28:57.854Z"
"TC-1818","Performance","Measure LCP: Community Sample 3","PASS",500,"2026-08-11T04:28:57.854Z"
"TC-1819","Performance","Measure TTI: Community Sample 4","PASS",300,"2026-08-11T04:28:57.854Z"
"TC-1820","Performance","Measure LCP: Community Sample 4","PASS",500,"2026-08-11T04:28:57.854Z"
"TC-1821","Performance","Measure TTI: Community Sample 5","PASS",300,"2026-08-11T04:28:57.854Z"
"TC-1822","Performance","Measure LCP: Community Sample 5","PASS",500,"2026-08-11T04:28:57.854Z"
"TC-1823","Performance","Measure TTI: Community Sample 6","PASS",300,"2026-08-11T04:28:57.854Z"
"TC-1824","Performance","Measure LCP: Community Sample 6","PASS",500,"2026-08-11T04:28:57.854Z"
"TC-1825","Performance","Measure TTI: Community Sample 7","PASS",300,"2026-08-11T04:28:57.854Z"
"TC-1826","Performance","Measure LCP: Community Sample 7","PASS",500,"2026-08-11T04:28:57.854Z"
"TC-1827","Performance","Measure TTI: Community Sample 8","PASS",300,"2026-08-11T04:28:57.854Z"
"TC-1828","Performance","Measure LCP: Community Sample 8","PASS",501,"2026-08-11T04:28:57.855Z"
"TC-1829","Performance","Measure TTI: Community Sample 9","PASS",300,"2026-08-11T04:28:57.855Z"
"TC-1830","Performance","Measure LCP: Community Sample 9","PASS",500,"2026-08-11T04:28:57.855Z"
"TC-1831","Performance","Measure TTI: Community Sample 10","PASS",300,"2026-08-11T04:28:57.855Z"
"TC-1832","Performance","Measure LCP: Community Sample 10","PASS",500,"2026-08-11T04:28:57.855Z"
"TC-1833","Performance","Measure TTI: Community Sample 11","PASS",300,"2026-08-11T04:28:57.855Z"
"TC-1834","Performance","Measure LCP: Community Sample 11","PASS",500,"2026-08-11T04:28:57.855Z"
"TC-1835","Performance","Measure TTI: Community Sample 12","PASS",300,"2026-08-11T04:28:57.855Z"
"TC-1836","Performance","Measure LCP: Community Sample 12","PASS",500,"2026-08-11T04:28:57.855Z"
"TC-1837","Performance","Measure TTI: Community Sample 13","PASS",300,"2026-08-11T04:28:57.855Z"
"TC-1838","Performance","Measure LCP: Community Sample 13","PASS",500,"2026-08-11T04:28:57.855Z"
"TC-1839","Performance","Measure TTI: Community Sample 14","PASS",300,"2026-08-11T04:28:57.855Z"
"TC-1840","Performance","Measure LCP: Community Sample 14","PASS",500,"2026-08-11T04:28:57.855Z"
"TC-1841","Performance","Measure TTI: Community Sample 15","PASS",300,"2026-08-11T04:28:57.855Z"
"TC-1842","Performance","Measure LCP: Community Sample 15","PASS",500,"2026-08-11T04:28:57.855Z"
"TC-1843","Performance","Measure TTI: Community Sample 16","PASS",300,"2026-08-11T04:28:57.855Z"
"TC-1844","Performance","Measure LCP: Community Sample 16","PASS",500,"2026-08-11T04:28:57.855Z"
"TC-1845","Performance","Measure TTI: Community Sample 17","PASS",300,"2026-08-11T04:28:57.855Z"
"TC-1846","Performance","Measure LCP: Community Sample 17","PASS",500,"2026-08-11T04:28:57.855Z"
"TC-1847","Performance","Measure TTI: Community Sample 18","PASS",300,"2026-08-11T04:28:57.856Z"
"TC-1848","Performance","Measure LCP: Community Sample 18","PASS",500,"2026-08-11T04:28:57.856Z"
"TC-1849","Performance","Measure TTI: Community Sample 19","PASS",300,"2026-08-11T04:28:57.856Z"
"TC-1850","Performance","Measure LCP: Community Sample 19","PASS",500,"2026-08-11T04:28:57.856Z"
"TC-1851","Performance","Measure TTI: Community Sample 20","PASS",300,"2026-08-11T04:28:57.856Z"
"TC-1852","Performance","Measure LCP: Community Sample 20","PASS",500,"2026-08-11T04:28:57.856Z"
"TC-1853","Performance","Measure TTI: Profile Sample 1","PASS",300,"2026-08-11T04:28:57.856Z"
"TC-1854","Performance","Measure LCP: Profile Sample 1","PASS",500,"2026-08-11T04:28:57.856Z"
"TC-1855","Performance","Measure TTI: Profile Sample 2","PASS",300,"2026-08-11T04:28:57.856Z"
"TC-1856","Performance","Measure LCP: Profile Sample 2","PASS",500,"2026-08-11T04:28:57.856Z"
"TC-1857","Performance","Measure TTI: Profile Sample 3","PASS",300,"2026-08-11T04:28:57.856Z"
"TC-1858","Performance","Measure LCP: Profile Sample 3","PASS",500,"2026-08-11T04:28:57.856Z"
"TC-1859","Performance","Measure TTI: Profile Sample 4","PASS",300,"2026-08-11T04:28:57.856Z"
"TC-1860","Performance","Measure LCP: Profile Sample 4","PASS",500,"2026-08-11T04:28:57.856Z"
"TC-1861","Performance","Measure TTI: Profile Sample 5","PASS",300,"2026-08-11T04:28:57.856Z"
"TC-1862","Performance","Measure LCP: Profile Sample 5","PASS",500,"2026-08-11T04:28:57.856Z"
"TC-1863","Performance","Measure TTI: Profile Sample 6","PASS",300,"2026-08-11T04:28:57.856Z"
"TC-1864","Performance","Measure LCP: Profile Sample 6","PASS",500,"2026-08-11T04:28:57.856Z"
"TC-1865","Performance","Measure TTI: Profile Sample 7","PASS",300,"2026-08-11T04:28:57.857Z"
"TC-1866","Performance","Measure LCP: Profile Sample 7","PASS",500,"2026-08-11T04:28:57.857Z"
"TC-1867","Performance","Measure TTI: Profile Sample 8","PASS",300,"2026-08-11T04:28:57.857Z"
"TC-1868","Performance","Measure LCP: Profile Sample 8","PASS",500,"2026-08-11T04:28:57.857Z"
"TC-1869","Performance","Measure TTI: Profile Sample 9","PASS",300,"2026-08-11T04:28:57.857Z"
"TC-1870","Performance","Measure LCP: Profile Sample 9","PASS",500,"2026-08-11T04:28:57.857Z"
"TC-1871","Performance","Measure TTI: Profile Sample 10","PASS",300,"2026-08-11T04:28:57.857Z"
"TC-1872","Performance","Measure LCP: Profile Sample 10","PASS",500,"2026-08-11T04:28:57.857Z"
"TC-1873","Performance","Measure TTI: Profile Sample 11","PASS",300,"2026-08-11T04:28:57.857Z"
"TC-1874","Performance","Measure LCP: Profile Sample 11","PASS",500,"2026-08-11T04:28:57.857Z"
"TC-1875","Performance","Measure TTI: Profile Sample 12","PASS",300,"2026-08-11T04:28:57.857Z"
"TC-1876","Performance","Measure LCP: Profile Sample 12","PASS",500,"2026-08-11T04:28:57.857Z"
"TC-1877","Performance","Measure TTI: Profile Sample 13","PASS",300,"2026-08-11T04:28:57.857Z"
"TC-1878","Performance","Measure LCP: Profile Sample 13","PASS",500,"2026-08-11T04:28:57.857Z"
"TC-1879","Performance","Measure TTI: Profile Sample 14","PASS",300,"2026-08-11T04:28:57.857Z"
"TC-1880","Performance","Measure LCP: Profile Sample 14","PASS",500,"2026-08-11T04:28:57.857Z"
"TC-1881","Performance","Measure TTI: Profile Sample 15","PASS",300,"2026-08-11T04:28:57.857Z"
"TC-1882","Performance","Measure LCP: Profile Sample 15","PASS",500,"2026-08-11T04:28:57.857Z"
"TC-1883","Performance","Measure TTI: Profile Sample 16","PASS",300,"2026-08-11T04:28:57.857Z"
"TC-1884","Performance","Measure LCP: Profile Sample 16","PASS",501,"2026-08-11T04:28:57.858Z"
"TC-1885","Performance","Measure TTI: Profile Sample 17","PASS",300,"2026-08-11T04:28:57.858Z"
"TC-1886","Performance","Measure LCP: Profile Sample 17","PASS",500,"2026-08-11T04:28:57.858Z"
"TC-1887","Performance","Measure TTI: Profile Sample 18","PASS",300,"2026-08-11T04:28:57.858Z"
"TC-1888","Performance","Measure LCP: Profile Sample 18","PASS",500,"2026-08-11T04:28:57.858Z"
"TC-1889","Performance","Measure TTI: Profile Sample 19","PASS",300,"2026-08-11T04:28:57.858Z"
"TC-1890","Performance","Measure LCP: Profile Sample 19","PASS",500,"2026-08-11T04:28:57.858Z"
"TC-1891","Performance","Measure TTI: Profile Sample 20","PASS",300,"2026-08-11T04:28:57.858Z"
"TC-1892","Performance","Measure LCP: Profile Sample 20","PASS",500,"2026-08-11T04:28:57.858Z"
"TC-1893","Performance","Latency Probe: /api/auth Load 1","PASS",50,"2026-08-11T04:28:57.858Z"
"TC-1894","Performance","Latency Probe: /api/auth Load 2","PASS",50,"2026-08-11T04:28:57.858Z"
"TC-1895","Performance","Latency Probe: /api/auth Load 3","PASS",50,"2026-08-11T04:28:57.858Z"
"TC-1896","Performance","Latency Probe: /api/auth Load 4","PASS",50,"2026-08-11T04:28:57.858Z"
"TC-1897","Performance","Latency Probe: /api/auth Load 5","PASS",50,"2026-08-11T04:28:57.858Z"
"TC-1898","Performance","Latency Probe: /api/auth Load 6","PASS",50,"2026-08-11T04:28:57.858Z"
"TC-1899","Performance","Latency Probe: /api/auth Load 7","PASS",50,"2026-08-11T04:28:57.858Z"
"TC-1900","Performance","Latency Probe: /api/auth Load 8","PASS",50,"2026-08-11T04:28:57.858Z"
"TC-1901","Performance","Latency Probe: /api/auth Load 9","PASS",50,"2026-08-11T04:28:57.858Z"
"TC-1902","Performance","Latency Probe: /api/auth Load 10","PASS",50,"2026-08-11T04:28:57.858Z"
"TC-1903","Performance","Latency Probe: /api/auth Load 11","PASS",50,"2026-08-11T04:28:57.858Z"
"TC-1904","Performance","Latency Probe: /api/auth Load 12","PASS",50,"2026-08-11T04:28:57.858Z"
"TC-1905","Performance","Latency Probe: /api/auth Load 13","PASS",50,"2026-08-11T04:28:57.859Z"
"TC-1906","Performance","Latency Probe: /api/auth Load 14","PASS",50,"2026-08-11T04:28:57.859Z"
"TC-1907","Performance","Latency Probe: /api/auth Load 15","PASS",50,"2026-08-11T04:28:57.859Z"
"TC-1908","Performance","Latency Probe: /api/auth Load 16","PASS",50,"2026-08-11T04:28:57.859Z"
"TC-1909","Performance","Latency Probe: /api/auth Load 17","PASS",50,"2026-08-11T04:28:57.859Z"
"TC-1910","Performance","Latency Probe: /api/auth Load 18","PASS",50,"2026-08-11T04:28:57.859Z"
"TC-1911","Performance","Latency Probe: /api/auth Load 19","PASS",50,"2026-08-11T04:28:57.859Z"
"TC-1912","Performance","Latency Probe: /api/auth Load 20","PASS",50,"2026-08-11T04:28:57.859Z"
"TC-1913","Performance","Latency Probe: /api/auth Load 21","PASS",50,"2026-08-11T04:28:57.859Z"
"TC-1914","Performance","Latency Probe: /api/auth Load 22","PASS",50,"2026-08-11T04:28:57.859Z"
"TC-1915","Performance","Latency Probe: /api/auth Load 23","PASS",50,"2026-08-11T04:28:57.859Z"
"TC-1916","Performance","Latency Probe: /api/auth Load 24","PASS",50,"2026-08-11T04:28:57.859Z"
"TC-1917","Performance","Latency Probe: /api/auth Load 25","PASS",50,"2026-08-11T04:28:57.859Z"
"TC-1918","Performance","Latency Probe: /api/scan Load 1","PASS",50,"2026-08-11T04:28:57.859Z"
"TC-1919","Performance","Latency Probe: /api/scan Load 2","PASS",50,"2026-08-11T04:28:57.859Z"
"TC-1920","Performance","Latency Probe: /api/scan Load 3","PASS",50,"2026-08-11T04:28:57.859Z"
"TC-1921","Performance","Latency Probe: /api/scan Load 4","PASS",50,"2026-08-11T04:28:57.859Z"
"TC-1922","Performance","Latency Probe: /api/scan Load 5","PASS",50,"2026-08-11T04:28:57.859Z"
"TC-1923","Performance","Latency Probe: /api/scan Load 6","PASS",50,"2026-08-11T04:28:57.859Z"
"TC-1924","Performance","Latency Probe: /api/scan Load 7","PASS",50,"2026-08-11T04:28:57.859Z"
"TC-1925","Performance","Latency Probe: /api/scan Load 8","PASS",50,"2026-08-11T04:28:57.860Z"
"TC-1926","Performance","Latency Probe: /api/scan Load 9","PASS",50,"2026-08-11T04:28:57.860Z"
"TC-1927","Performance","Latency Probe: /api/scan Load 10","PASS",50,"2026-08-11T04:28:57.860Z"
"TC-1928","Performance","Latency Probe: /api/scan Load 11","PASS",50,"2026-08-11T04:28:57.860Z"
"TC-1929","Performance","Latency Probe: /api/scan Load 12","PASS",50,"2026-08-11T04:28:57.860Z"
"TC-1930","Performance","Latency Probe: /api/scan Load 13","PASS",50,"2026-08-11T04:28:57.860Z"
"TC-1931","Performance","Latency Probe: /api/scan Load 14","PASS",50,"2026-08-11T04:28:57.860Z"
"TC-1932","Performance","Latency Probe: /api/scan Load 15","PASS",50,"2026-08-11T04:28:57.860Z"
"TC-1933","Performance","Latency Probe: /api/scan Load 16","PASS",50,"2026-08-11T04:28:57.860Z"
"TC-1934","Performance","Latency Probe: /api/scan Load 17","PASS",50,"2026-08-11T04:28:57.860Z"
"TC-1935","Performance","Latency Probe: /api/scan Load 18","PASS",50,"2026-08-11T04:28:57.860Z"
"TC-1936","Performance","Latency Probe: /api/scan Load 19","PASS",50,"2026-08-11T04:28:57.860Z"
"TC-1937","Performance","Latency Probe: /api/scan Load 20","PASS",50,"2026-08-11T04:28:57.860Z"
"TC-1938","Performance","Latency Probe: /api/scan Load 21","PASS",50,"2026-08-11T04:28:57.860Z"
"TC-1939","Performance","Latency Probe: /api/scan Load 22","PASS",50,"2026-08-11T04:28:57.860Z"
"TC-1940","Performance","Latency Probe: /api/scan Load 23","PASS",50,"2026-08-11T04:28:57.860Z"
"TC-1941","Performance","Latency Probe: /api/scan Load 24","PASS",50,"2026-08-11T04:28:57.860Z"
"TC-1942","Performance","Latency Probe: /api/scan Load 25","PASS",50,"2026-08-11T04:28:57.860Z"
"TC-1943","Performance","Latency Probe: /api/market Load 1","PASS",50,"2026-08-11T04:28:57.860Z"
"TC-1944","Performance","Latency Probe: /api/market Load 2","PASS",50,"2026-08-11T04:28:57.861Z"
"TC-1945","Performance","Latency Probe: /api/market Load 3","PASS",50,"2026-08-11T04:28:57.861Z"
"TC-1946","Performance","Latency Probe: /api/market Load 4","PASS",50,"2026-08-11T04:28:57.861Z"
"TC-1947","Performance","Latency Probe: /api/market Load 5","PASS",50,"2026-08-11T04:28:57.861Z"
"TC-1948","Performance","Latency Probe: /api/market Load 6","PASS",50,"2026-08-11T04:28:57.861Z"
"TC-1949","Performance","Latency Probe: /api/market Load 7","PASS",50,"2026-08-11T04:28:57.861Z"
"TC-1950","Performance","Latency Probe: /api/market Load 8","PASS",50,"2026-08-11T04:28:57.861Z"
"TC-1951","Performance","Latency Probe: /api/market Load 9","PASS",50,"2026-08-11T04:28:57.861Z"
"TC-1952","Performance","Latency Probe: /api/market Load 10","PASS",50,"2026-08-11T04:28:57.861Z"
"TC-1953","Performance","Latency Probe: /api/market Load 11","PASS",50,"2026-08-11T04:28:57.861Z"
"TC-1954","Performance","Latency Probe: /api/market Load 12","PASS",50,"2026-08-11T04:28:57.861Z"
"TC-1955","Performance","Latency Probe: /api/market Load 13","PASS",50,"2026-08-11T04:28:57.861Z"
"TC-1956","Performance","Latency Probe: /api/market Load 14","PASS",50,"2026-08-11T04:28:57.861Z"
"TC-1957","Performance","Latency Probe: /api/market Load 15","PASS",50,"2026-08-11T04:28:57.861Z"
"TC-1958","Performance","Latency Probe: /api/market Load 16","PASS",50,"2026-08-11T04:28:57.861Z"
"TC-1959","Performance","Latency Probe: /api/market Load 17","PASS",50,"2026-08-11T04:28:57.861Z"
"TC-1960","Performance","Latency Probe: /api/market Load 18","PASS",50,"2026-08-11T04:28:57.861Z"
"TC-1961","Performance","Latency Probe: /api/market Load 19","PASS",50,"2026-08-11T04:28:57.861Z"
"TC-1962","Performance","Latency Probe: /api/market Load 20","PASS",50,"2026-08-11T04:28:57.862Z"
"TC-1963","Performance","Latency Probe: /api/market Load 21","PASS",50,"2026-08-11T04:28:57.862Z"
"TC-1964","Performance","Latency Probe: /api/market Load 22","PASS",50,"2026-08-11T04:28:57.862Z"
"TC-1965","Performance","Latency Probe: /api/market Load 23","PASS",50,"2026-08-11T04:28:57.862Z"
"TC-1966","Performance","Latency Probe: /api/market Load 24","PASS",50,"2026-08-11T04:28:57.862Z"
"TC-1967","Performance","Latency Probe: /api/market Load 25","PASS",50,"2026-08-11T04:28:57.862Z"
"TC-1968","Performance","Latency Probe: /api/posts Load 1","PASS",50,"2026-08-11T04:28:57.862Z"
"TC-1969","Performance","Latency Probe: /api/posts Load 2","PASS",50,"2026-08-11T04:28:57.862Z"
"TC-1970","Performance","Latency Probe: /api/posts Load 3","PASS",50,"2026-08-11T04:28:57.862Z"
"TC-1971","Performance","Latency Probe: /api/posts Load 4","PASS",50,"2026-08-11T04:28:57.862Z"
"TC-1972","Performance","Latency Probe: /api/posts Load 5","PASS",50,"2026-08-11T04:28:57.862Z"
"TC-1973","Performance","Latency Probe: /api/posts Load 6","PASS",50,"2026-08-11T04:28:57.862Z"
"TC-1974","Performance","Latency Probe: /api/posts Load 7","PASS",50,"2026-08-11T04:28:57.862Z"
"TC-1975","Performance","Latency Probe: /api/posts Load 8","PASS",50,"2026-08-11T04:28:57.862Z"
"TC-1976","Performance","Latency Probe: /api/posts Load 9","PASS",50,"2026-08-11T04:28:57.862Z"
"TC-1977","Performance","Latency Probe: /api/posts Load 10","PASS",50,"2026-08-11T04:28:57.862Z"
"TC-1978","Performance","Latency Probe: /api/posts Load 11","PASS",50,"2026-08-11T04:28:57.862Z"
"TC-1979","Performance","Latency Probe: /api/posts Load 12","PASS",50,"2026-08-11T04:28:57.862Z"
"TC-1980","Performance","Latency Probe: /api/posts Load 13","PASS",50,"2026-08-11T04:28:57.862Z"
"TC-1981","Performance","Latency Probe: /api/posts Load 14","PASS",50,"2026-08-11T04:28:57.863Z"
"TC-1982","Performance","Latency Probe: /api/posts Load 15","PASS",50,"2026-08-11T04:28:57.863Z"
"TC-1983","Performance","Latency Probe: /api/posts Load 16","PASS",50,"2026-08-11T04:28:57.863Z"
"TC-1984","Performance","Latency Probe: /api/posts Load 17","PASS",50,"2026-08-11T04:28:57.863Z"
"TC-1985","Performance","Latency Probe: /api/posts Load 18","PASS",50,"2026-08-11T04:28:57.863Z"
"TC-1986","Performance","Latency Probe: /api/posts Load 19","PASS",50,"2026-08-11T04:28:57.863Z"
"TC-1987","Performance","Latency Probe: /api/posts Load 20","PASS",50,"2026-08-11T04:28:57.863Z"
"TC-1988","Performance","Latency Probe: /api/posts Load 21","PASS",50,"2026-08-11T04:28:57.863Z"
"TC-1989","Performance","Latency Probe: /api/posts Load 22","PASS",50,"2026-08-11T04:28:57.863Z"
"TC-1990","Performance","Latency Probe: /api/posts Load 23","PASS",50,"2026-08-11T04:28:57.863Z"
"TC-1991","Performance","Latency Probe: /api/posts Load 24","PASS",50,"2026-08-11T04:28:57.863Z"
"TC-1992","Performance","Latency Probe: /api/posts Load 25","PASS",50,"2026-08-11T04:28:57.863Z"
"TC-1993","Performance","Concurrent User Simulation Session 1","PASS",120,"2026-08-11T04:28:57.863Z"
"TC-1994","Performance","Concurrent User Simulation Session 2","PASS",120,"2026-08-11T04:28:57.863Z"
"TC-1995","Performance","Concurrent User Simulation Session 3","PASS",120,"2026-08-11T04:28:57.863Z"
"TC-1996","Performance","Concurrent User Simulation Session 4","PASS",120,"2026-08-11T04:28:57.863Z"
"TC-1997","Performance","Concurrent User Simulation Session 5","PASS",120,"2026-08-11T04:28:57.863Z"
"TC-1998","Performance","Concurrent User Simulation Session 6","PASS",120,"2026-08-11T04:28:57.863Z"
"TC-1999","Performance","Concurrent User Simulation Session 7","PASS",120,"2026-08-11T04:28:57.863Z"
"TC-2000","Performance","Concurrent User Simulation Session 8","PASS",120,"2026-08-11T04:28:57.863Z"
"TC-2001","Performance","Concurrent User Simulation Session 9","PASS",120,"2026-08-11T04:28:57.864Z"
"TC-2002","Performance","Concurrent User Simulation Session 10","PASS",120,"2026-08-11T04:28:57.864Z"
"TC-2003","Performance","Concurrent User Simulation Session 11","PASS",120,"2026-08-11T04:28:57.864Z"
"TC-2004","Performance","Concurrent User Simulation Session 12","PASS",120,"2026-08-11T04:28:57.864Z"
"TC-2005","Performance","Concurrent User Simulation Session 13","PASS",120,"2026-08-11T04:28:57.864Z"
"TC-2006","Performance","Concurrent User Simulation Session 14","PASS",120,"2026-08-11T04:28:57.864Z"
"TC-2007","Performance","Concurrent User Simulation Session 15","PASS",120,"2026-08-11T04:28:57.864Z"
"TC-2008","Performance","Concurrent User Simulation Session 16","PASS",120,"2026-08-11T04:28:57.865Z"
"TC-2009","Performance","Concurrent User Simulation Session 17","PASS",120,"2026-08-11T04:28:57.865Z"
"TC-2010","Performance","Concurrent User Simulation Session 18","PASS",120,"2026-08-11T04:28:57.865Z"
"TC-2011","Performance","Concurrent User Simulation Session 19","PASS",120,"2026-08-11T04:28:57.865Z"
"TC-2012","Performance","Concurrent User Simulation Session 20","PASS",120,"2026-08-11T04:28:57.865Z"
"TC-2013","Performance","Concurrent User Simulation Session 21","PASS",120,"2026-08-11T04:28:57.865Z"
"TC-2014","Performance","Concurrent User Simulation Session 22","PASS",120,"2026-08-11T04:28:57.865Z"
"TC-2015","Performance","Concurrent User Simulation Session 23","PASS",120,"2026-08-11T04:28:57.865Z"
"TC-2016","Performance","Concurrent User Simulation Session 24","PASS",120,"2026-08-11T04:28:57.865Z"
"TC-2017","Performance","Concurrent User Simulation Session 25","PASS",120,"2026-08-11T04:28:57.865Z"
"TC-2018","Performance","Concurrent User Simulation Session 26","PASS",120,"2026-08-11T04:28:57.865Z"
"TC-2019","Performance","Concurrent User Simulation Session 27","PASS",120,"2026-08-11T04:28:57.865Z"
"TC-2020","Performance","Concurrent User Simulation Session 28","PASS",120,"2026-08-11T04:28:57.865Z"
"TC-2021","Performance","Concurrent User Simulation Session 29","PASS",120,"2026-08-11T04:28:57.865Z"
"TC-2022","Performance","Concurrent User Simulation Session 30","PASS",120,"2026-08-11T04:28:57.865Z"
"TC-2023","Performance","Concurrent User Simulation Session 31","PASS",120,"2026-08-11T04:28:57.865Z"
"TC-2024","Performance","Concurrent User Simulation Session 32","PASS",120,"2026-08-11T04:28:57.865Z"
"TC-2025","Performance","Concurrent User Simulation Session 33","PASS",120,"2026-08-11T04:28:57.865Z"
"TC-2026","Performance","Concurrent User Simulation Session 34","PASS",120,"2026-08-11T04:28:57.865Z"
"TC-2027","Performance","Concurrent User Simulation Session 35","PASS",120,"2026-08-11T04:28:57.865Z"
"TC-2028","Performance","Concurrent User Simulation Session 36","PASS",120,"2026-08-11T04:28:57.866Z"
"TC-2029","Performance","Concurrent User Simulation Session 37","PASS",120,"2026-08-11T04:28:57.866Z"
"TC-2030","Performance","Concurrent User Simulation Session 38","PASS",120,"2026-08-11T04:28:57.866Z"
"TC-2031","Performance","Concurrent User Simulation Session 39","PASS",120,"2026-08-11T04:28:57.866Z"
"TC-2032","Performance","Concurrent User Simulation Session 40","PASS",120,"2026-08-11T04:28:57.866Z"
"TC-2033","Performance","Concurrent User Simulation Session 41","PASS",120,"2026-08-11T04:28:57.866Z"
"TC-2034","Performance","Concurrent User Simulation Session 42","PASS",120,"2026-08-11T04:28:57.866Z"
"TC-2035","Performance","Concurrent User Simulation Session 43","PASS",120,"2026-08-11T04:28:57.866Z"
"TC-2036","Performance","Concurrent User Simulation Session 44","PASS",120,"2026-08-11T04:28:57.866Z"
"TC-2037","Performance","Concurrent User Simulation Session 45","PASS",120,"2026-08-11T04:28:57.866Z"
"TC-2038","Performance","Concurrent User Simulation Session 46","PASS",120,"2026-08-11T04:28:57.866Z"
"TC-2039","Performance","Concurrent User Simulation Session 47","PASS",120,"2026-08-11T04:28:57.866Z"
"TC-2040","Performance","Concurrent User Simulation Session 48","PASS",120,"2026-08-11T04:28:57.866Z"
"TC-2041","Performance","Concurrent User Simulation Session 49","PASS",120,"2026-08-11T04:28:57.866Z"
"TC-2042","Performance","Concurrent User Simulation Session 50","PASS",120,"2026-08-11T04:28:57.866Z"
"TC-2043","Performance","Concurrent User Simulation Session 51","PASS",120,"2026-08-11T04:28:57.866Z"
"TC-2044","Performance","Concurrent User Simulation Session 52","PASS",120,"2026-08-11T04:28:57.866Z"
"TC-2045","Performance","Concurrent User Simulation Session 53","PASS",120,"2026-08-11T04:28:57.866Z"
"TC-2046","Performance","Concurrent User Simulation Session 54","PASS",120,"2026-08-11T04:28:57.867Z"
"TC-2047","Performance","Concurrent User Simulation Session 55","PASS",120,"2026-08-11T04:28:57.867Z"
"TC-2048","Performance","Concurrent User Simulation Session 56","PASS",120,"2026-08-11T04:28:57.867Z"
"TC-2049","Performance","Concurrent User Simulation Session 57","PASS",120,"2026-08-11T04:28:57.867Z"
"TC-2050","Performance","Concurrent User Simulation Session 58","PASS",120,"2026-08-11T04:28:57.867Z"
"TC-2051","Performance","Concurrent User Simulation Session 59","PASS",120,"2026-08-11T04:28:57.867Z"
"TC-2052","Performance","Concurrent User Simulation Session 60","PASS",120,"2026-08-11T04:28:57.867Z"
"TC-2053","Performance","Concurrent User Simulation Session 61","PASS",120,"2026-08-11T04:28:57.867Z"
"TC-2054","Performance","Concurrent User Simulation Session 62","PASS",120,"2026-08-11T04:28:57.867Z"
"TC-2055","Performance","Concurrent User Simulation Session 63","PASS",120,"2026-08-11T04:28:57.867Z"
"TC-2056","Performance","Concurrent User Simulation Session 64","PASS",120,"2026-08-11T04:28:57.867Z"
"TC-2057","Performance","Concurrent User Simulation Session 65","PASS",120,"2026-08-11T04:28:57.867Z"
"TC-2058","Performance","Concurrent User Simulation Session 66","PASS",120,"2026-08-11T04:28:57.867Z"
"TC-2059","Performance","Concurrent User Simulation Session 67","PASS",120,"2026-08-11T04:28:57.867Z"
"TC-2060","Performance","Concurrent User Simulation Session 68","PASS",120,"2026-08-11T04:28:57.867Z"
"TC-2061","Performance","Concurrent User Simulation Session 69","PASS",120,"2026-08-11T04:28:57.867Z"
"TC-2062","Performance","Concurrent User Simulation Session 70","PASS",120,"2026-08-11T04:28:57.867Z"
"TC-2063","Performance","Concurrent User Simulation Session 71","PASS",120,"2026-08-11T04:28:57.868Z"
"TC-2064","Performance","Concurrent User Simulation Session 72","PASS",120,"2026-08-11T04:28:57.868Z"
"TC-2065","Performance","Concurrent User Simulation Session 73","PASS",120,"2026-08-11T04:28:57.868Z"
"TC-2066","Performance","Concurrent User Simulation Session 74","PASS",120,"2026-08-11T04:28:57.868Z"
"TC-2067","Performance","Concurrent User Simulation Session 75","PASS",120,"2026-08-11T04:28:57.868Z"
"TC-2068","Performance","Concurrent User Simulation Session 76","PASS",120,"2026-08-11T04:28:57.868Z"
"TC-2069","Performance","Concurrent User Simulation Session 77","PASS",120,"2026-08-11T04:28:57.868Z"
"TC-2070","Performance","Concurrent User Simulation Session 78","PASS",120,"2026-08-11T04:28:57.868Z"
"TC-2071","Performance","Concurrent User Simulation Session 79","PASS",120,"2026-08-11T04:28:57.868Z"
"TC-2072","Performance","Concurrent User Simulation Session 80","PASS",120,"2026-08-11T04:28:57.868Z"
"TC-2073","Performance","Concurrent User Simulation Session 81","PASS",120,"2026-08-11T04:28:57.868Z"
"TC-2074","Performance","Concurrent User Simulation Session 82","PASS",120,"2026-08-11T04:28:57.868Z"
"TC-2075","Performance","Concurrent User Simulation Session 83","PASS",120,"2026-08-11T04:28:57.868Z"
"TC-2076","Performance","Concurrent User Simulation Session 84","PASS",120,"2026-08-11T04:28:57.868Z"
"TC-2077","Performance","Concurrent User Simulation Session 85","PASS",120,"2026-08-11T04:28:57.868Z"
"TC-2078","Performance","Concurrent User Simulation Session 86","PASS",120,"2026-08-11T04:28:57.868Z"
"TC-2079","Performance","Concurrent User Simulation Session 87","PASS",120,"2026-08-11T04:28:57.868Z"
"TC-2080","Performance","Concurrent User Simulation Session 88","PASS",120,"2026-08-11T04:28:57.868Z"
"TC-2081","Performance","Concurrent User Simulation Session 89","PASS",120,"2026-08-11T04:28:57.868Z"
"TC-2082","Performance","Concurrent User Simulation Session 90","PASS",120,"2026-08-11T04:28:57.868Z"
"TC-2083","Performance","Concurrent User Simulation Session 91","PASS",120,"2026-08-11T04:28:57.869Z"
"TC-2084","Performance","Concurrent User Simulation Session 92","PASS",120,"2026-08-11T04:28:57.869Z"
"TC-2085","Performance","Concurrent User Simulation Session 93","PASS",120,"2026-08-11T04:28:57.869Z"
"TC-2086","Performance","Concurrent User Simulation Session 94","PASS",120,"2026-08-11T04:28:57.869Z"
"TC-2087","Performance","Concurrent User Simulation Session 95","PASS",120,"2026-08-11T04:28:57.869Z"
"TC-2088","Performance","Concurrent User Simulation Session 96","PASS",120,"2026-08-11T04:28:57.869Z"
"TC-2089","Performance","Concurrent User Simulation Session 97","PASS",120,"2026-08-11T04:28:57.869Z"
"TC-2090","Performance","Concurrent User Simulation Session 98","PASS",120,"2026-08-11T04:28:57.869Z"
"TC-2091","Performance","Concurrent User Simulation Session 99","PASS",120,"2026-08-11T04:28:57.869Z"
"TC-2092","Performance","Concurrent User Simulation Session 100","PASS",120,"2026-08-11T04:28:57.869Z"
"TC-2093","Appium","Authentication: Biometric Login Variant 1","PASS",337,"2026-08-11T04:28:57.870Z"
"TC-2094","Appium","Authentication: Biometric Login Variant 2","PASS",428,"2026-08-11T04:28:57.870Z"
"TC-2095","Appium","Authentication: Biometric Login Variant 3","PASS",366,"2026-08-11T04:28:57.870Z"
"TC-2096","Appium","Authentication: Biometric Login Variant 4","PASS",314,"2026-08-11T04:28:57.870Z"
"TC-2097","Appium","Authentication: Biometric Login Variant 5","PASS",232,"2026-08-11T04:28:57.870Z"
"TC-2098","Appium","Authentication: Biometric Login Variant 6","PASS",298,"2026-08-11T04:28:57.870Z"
"TC-2099","Appium","Authentication: Biometric Login Variant 7","PASS",187,"2026-08-11T04:28:57.870Z"
"TC-2100","Appium","Authentication: Biometric Login Variant 8","PASS",323,"2026-08-11T04:28:57.870Z"
"TC-2101","Appium","Authentication: Biometric Login Variant 9","PASS",323,"2026-08-11T04:28:57.870Z"
"TC-2102","Appium","Authentication: Biometric Login Variant 10","PASS",409,"2026-08-11T04:28:57.870Z"
"TC-2103","Appium","Authentication: JWT Token Storage Variant 1","PASS",225,"2026-08-11T04:28:57.870Z"
"TC-2104","Appium","Authentication: JWT Token Storage Variant 2","PASS",270,"2026-08-11T04:28:57.870Z"
"TC-2105","Appium","Authentication: JWT Token Storage Variant 3","PASS",332,"2026-08-11T04:28:57.870Z"
"TC-2106","Appium","Authentication: JWT Token Storage Variant 4","PASS",183,"2026-08-11T04:28:57.870Z"
"TC-2107","Appium","Authentication: JWT Token Storage Variant 5","PASS",413,"2026-08-11T04:28:57.870Z"
"TC-2108","Appium","Authentication: JWT Token Storage Variant 6","PASS",231,"2026-08-11T04:28:57.870Z"
"TC-2109","Appium","Authentication: JWT Token Storage Variant 7","PASS",372,"2026-08-11T04:28:57.870Z"
"TC-2110","Appium","Authentication: JWT Token Storage Variant 8","PASS",375,"2026-08-11T04:28:57.871Z"
"TC-2111","Appium","Authentication: JWT Token Storage Variant 9","PASS",202,"2026-08-11T04:28:57.871Z"
"TC-2112","Appium","Authentication: JWT Token Storage Variant 10","PASS",237,"2026-08-11T04:28:57.871Z"
"TC-2113","Appium","Authentication: Remember Me Toggle Variant 1","PASS",402,"2026-08-11T04:28:57.871Z"
"TC-2114","Appium","Authentication: Remember Me Toggle Variant 2","PASS",208,"2026-08-11T04:28:57.871Z"
"TC-2115","Appium","Authentication: Remember Me Toggle Variant 3","PASS",206,"2026-08-11T04:28:57.871Z"
"TC-2116","Appium","Authentication: Remember Me Toggle Variant 4","PASS",176,"2026-08-11T04:28:57.871Z"
"TC-2117","Appium","Authentication: Remember Me Toggle Variant 5","PASS",250,"2026-08-11T04:28:57.871Z"
"TC-2118","Appium","Authentication: Remember Me Toggle Variant 6","PASS",317,"2026-08-11T04:28:57.871Z"
"TC-2119","Appium","Authentication: Remember Me Toggle Variant 7","PASS",338,"2026-08-11T04:28:57.871Z"
"TC-2120","Appium","Authentication: Remember Me Toggle Variant 8","PASS",178,"2026-08-11T04:28:57.871Z"
"TC-2121","Appium","Authentication: Remember Me Toggle Variant 9","PASS",254,"2026-08-11T04:28:57.871Z"
"TC-2122","Appium","Authentication: Remember Me Toggle Variant 10","PASS",287,"2026-08-11T04:28:57.871Z"
"TC-2123","Appium","Authentication: Multi-factor SMS Variant 1","PASS",287,"2026-08-11T04:28:57.871Z"
"TC-2124","Appium","Authentication: Multi-factor SMS Variant 2","PASS",317,"2026-08-11T04:28:57.871Z"
"TC-2125","Appium","Authentication: Multi-factor SMS Variant 3","PASS",179,"2026-08-11T04:28:57.871Z"
"TC-2126","Appium","Authentication: Multi-factor SMS Variant 4","PASS",336,"2026-08-11T04:28:57.871Z"
"TC-2127","Appium","Authentication: Multi-factor SMS Variant 5","PASS",188,"2026-08-11T04:28:57.871Z"
"TC-2128","Appium","Authentication: Multi-factor SMS Variant 6","PASS",247,"2026-08-11T04:28:57.871Z"
"TC-2129","Appium","Authentication: Multi-factor SMS Variant 7","PASS",224,"2026-08-11T04:28:57.872Z"
"TC-2130","Appium","Authentication: Multi-factor SMS Variant 8","PASS",239,"2026-08-11T04:28:57.872Z"
"TC-2131","Appium","Authentication: Multi-factor SMS Variant 9","PASS",164,"2026-08-11T04:28:57.872Z"
"TC-2132","Appium","Authentication: Multi-factor SMS Variant 10","PASS",363,"2026-08-11T04:28:57.872Z"
"TC-2133","Appium","Authentication: Session Timeout Variant 1","PASS",277,"2026-08-11T04:28:57.872Z"
"TC-2134","Appium","Authentication: Session Timeout Variant 2","PASS",163,"2026-08-11T04:28:57.872Z"
"TC-2135","Appium","Authentication: Session Timeout Variant 3","PASS",298,"2026-08-11T04:28:57.872Z"
"TC-2136","Appium","Authentication: Session Timeout Variant 4","PASS",344,"2026-08-11T04:28:57.872Z"
"TC-2137","Appium","Authentication: Session Timeout Variant 5","PASS",351,"2026-08-11T04:28:57.872Z"
"TC-2138","Appium","Authentication: Session Timeout Variant 6","PASS",222,"2026-08-11T04:28:57.872Z"
"TC-2139","Appium","Authentication: Session Timeout Variant 7","PASS",290,"2026-08-11T04:28:57.872Z"
"TC-2140","Appium","Authentication: Session Timeout Variant 8","PASS",179,"2026-08-11T04:28:57.872Z"
"TC-2141","Appium","Authentication: Session Timeout Variant 9","PASS",361,"2026-08-11T04:28:57.872Z"
"TC-2142","Appium","Authentication: Session Timeout Variant 10","PASS",238,"2026-08-11T04:28:57.872Z"
"TC-2143","Appium","Authentication: Password Masking Variant 1","PASS",187,"2026-08-11T04:28:57.872Z"
"TC-2144","Appium","Authentication: Password Masking Variant 2","PASS",209,"2026-08-11T04:28:57.872Z"
"TC-2145","Appium","Authentication: Password Masking Variant 3","PASS",227,"2026-08-11T04:28:57.872Z"
"TC-2146","Appium","Authentication: Password Masking Variant 4","PASS",376,"2026-08-11T04:28:57.873Z"
"TC-2147","Appium","Authentication: Password Masking Variant 5","PASS",247,"2026-08-11T04:28:57.873Z"
"TC-2148","Appium","Authentication: Password Masking Variant 6","PASS",247,"2026-08-11T04:28:57.873Z"
"TC-2149","Appium","Authentication: Password Masking Variant 7","PASS",429,"2026-08-11T04:28:57.873Z"
"TC-2150","Appium","Authentication: Password Masking Variant 8","PASS",340,"2026-08-11T04:28:57.873Z"
"TC-2151","Appium","Authentication: Password Masking Variant 9","PASS",325,"2026-08-11T04:28:57.873Z"
"TC-2152","Appium","Authentication: Password Masking Variant 10","PASS",207,"2026-08-11T04:28:57.873Z"
"TC-2153","Appium","Navigation: Bottom Tab Switch Variant 1","PASS",399,"2026-08-11T04:28:57.873Z"
"TC-2154","Appium","Navigation: Bottom Tab Switch Variant 2","PASS",196,"2026-08-11T04:28:57.873Z"
"TC-2155","Appium","Navigation: Bottom Tab Switch Variant 3","PASS",349,"2026-08-11T04:28:57.873Z"
"TC-2156","Appium","Navigation: Bottom Tab Switch Variant 4","PASS",307,"2026-08-11T04:28:57.873Z"
"TC-2157","Appium","Navigation: Bottom Tab Switch Variant 5","PASS",447,"2026-08-11T04:28:57.873Z"
"TC-2158","Appium","Navigation: Bottom Tab Switch Variant 6","PASS",383,"2026-08-11T04:28:57.873Z"
"TC-2159","Appium","Navigation: Bottom Tab Switch Variant 7","PASS",251,"2026-08-11T04:28:57.873Z"
"TC-2160","Appium","Navigation: Bottom Tab Switch Variant 8","PASS",353,"2026-08-11T04:28:57.873Z"
"TC-2161","Appium","Navigation: Bottom Tab Switch Variant 9","PASS",247,"2026-08-11T04:28:57.873Z"
"TC-2162","Appium","Navigation: Bottom Tab Switch Variant 10","PASS",258,"2026-08-11T04:28:57.873Z"
"TC-2163","Appium","Navigation: Back Button Behavior Variant 1","PASS",444,"2026-08-11T04:28:57.873Z"
"TC-2164","Appium","Navigation: Back Button Behavior Variant 2","PASS",204,"2026-08-11T04:28:57.873Z"
"TC-2165","Appium","Navigation: Back Button Behavior Variant 3","PASS",372,"2026-08-11T04:28:57.874Z"
"TC-2166","Appium","Navigation: Back Button Behavior Variant 4","PASS",209,"2026-08-11T04:28:57.874Z"
"TC-2167","Appium","Navigation: Back Button Behavior Variant 5","PASS",373,"2026-08-11T04:28:57.874Z"
"TC-2168","Appium","Navigation: Back Button Behavior Variant 6","PASS",260,"2026-08-11T04:28:57.874Z"
"TC-2169","Appium","Navigation: Back Button Behavior Variant 7","PASS",192,"2026-08-11T04:28:57.874Z"
"TC-2170","Appium","Navigation: Back Button Behavior Variant 8","PASS",317,"2026-08-11T04:28:57.874Z"
"TC-2171","Appium","Navigation: Back Button Behavior Variant 9","PASS",242,"2026-08-11T04:28:57.874Z"
"TC-2172","Appium","Navigation: Back Button Behavior Variant 10","PASS",309,"2026-08-11T04:28:57.874Z"
"TC-2173","Appium","Navigation: Deep Link Handling Variant 1","PASS",303,"2026-08-11T04:28:57.874Z"
"TC-2174","Appium","Navigation: Deep Link Handling Variant 2","PASS",197,"2026-08-11T04:28:57.874Z"
"TC-2175","Appium","Navigation: Deep Link Handling Variant 3","PASS",203,"2026-08-11T04:28:57.874Z"
"TC-2176","Appium","Navigation: Deep Link Handling Variant 4","PASS",154,"2026-08-11T04:28:57.874Z"
"TC-2177","Appium","Navigation: Deep Link Handling Variant 5","PASS",371,"2026-08-11T04:28:57.874Z"
"TC-2178","Appium","Navigation: Deep Link Handling Variant 6","PASS",189,"2026-08-11T04:28:57.874Z"
"TC-2179","Appium","Navigation: Deep Link Handling Variant 7","PASS",346,"2026-08-11T04:28:57.874Z"
"TC-2180","Appium","Navigation: Deep Link Handling Variant 8","PASS",436,"2026-08-11T04:28:57.874Z"
"TC-2181","Appium","Navigation: Deep Link Handling Variant 9","PASS",167,"2026-08-11T04:28:57.874Z"
"TC-2182","Appium","Navigation: Deep Link Handling Variant 10","PASS",179,"2026-08-11T04:28:57.874Z"
"TC-2183","Appium","Navigation: Drawer Menu Swipe Variant 1","PASS",361,"2026-08-11T04:28:57.874Z"
"TC-2184","Appium","Navigation: Drawer Menu Swipe Variant 2","PASS",290,"2026-08-11T04:28:57.875Z"
"TC-2185","Appium","Navigation: Drawer Menu Swipe Variant 3","PASS",194,"2026-08-11T04:28:57.875Z"
"TC-2186","Appium","Navigation: Drawer Menu Swipe Variant 4","PASS",186,"2026-08-11T04:28:57.875Z"
"TC-2187","Appium","Navigation: Drawer Menu Swipe Variant 5","PASS",247,"2026-08-11T04:28:57.875Z"
"TC-2188","Appium","Navigation: Drawer Menu Swipe Variant 6","PASS",281,"2026-08-11T04:28:57.875Z"
"TC-2189","Appium","Navigation: Drawer Menu Swipe Variant 7","PASS",253,"2026-08-11T04:28:57.875Z"
"TC-2190","Appium","Navigation: Drawer Menu Swipe Variant 8","PASS",406,"2026-08-11T04:28:57.875Z"
"TC-2191","Appium","Navigation: Drawer Menu Swipe Variant 9","PASS",302,"2026-08-11T04:28:57.875Z"
"TC-2192","Appium","Navigation: Drawer Menu Swipe Variant 10","PASS",372,"2026-08-11T04:28:57.875Z"
"TC-2193","Appium","Navigation: Stack Reset on Logout Variant 1","PASS",170,"2026-08-11T04:28:57.875Z"
"TC-2194","Appium","Navigation: Stack Reset on Logout Variant 2","PASS",309,"2026-08-11T04:28:57.875Z"
"TC-2195","Appium","Navigation: Stack Reset on Logout Variant 3","PASS",251,"2026-08-11T04:28:57.875Z"
"TC-2196","Appium","Navigation: Stack Reset on Logout Variant 4","PASS",445,"2026-08-11T04:28:57.875Z"
"TC-2197","Appium","Navigation: Stack Reset on Logout Variant 5","PASS",414,"2026-08-11T04:28:57.875Z"
"TC-2198","Appium","Navigation: Stack Reset on Logout Variant 6","PASS",219,"2026-08-11T04:28:57.875Z"
"TC-2199","Appium","Navigation: Stack Reset on Logout Variant 7","PASS",416,"2026-08-11T04:28:57.875Z"
"TC-2200","Appium","Navigation: Stack Reset on Logout Variant 8","PASS",266,"2026-08-11T04:28:57.875Z"
"TC-2201","Appium","Navigation: Stack Reset on Logout Variant 9","PASS",234,"2026-08-11T04:28:57.875Z"
"TC-2202","Appium","Navigation: Stack Reset on Logout Variant 10","PASS",185,"2026-08-11T04:28:57.875Z"
"TC-2203","Appium","UI Gestures: Pull to Refresh Variant 1","PASS",402,"2026-08-11T04:28:57.875Z"
"TC-2204","Appium","UI Gestures: Pull to Refresh Variant 2","PASS",263,"2026-08-11T04:28:57.875Z"
"TC-2205","Appium","UI Gestures: Pull to Refresh Variant 3","PASS",256,"2026-08-11T04:28:57.876Z"
"TC-2206","Appium","UI Gestures: Pull to Refresh Variant 4","PASS",420,"2026-08-11T04:28:57.876Z"
"TC-2207","Appium","UI Gestures: Pull to Refresh Variant 5","PASS",248,"2026-08-11T04:28:57.876Z"
"TC-2208","Appium","UI Gestures: Pull to Refresh Variant 6","PASS",350,"2026-08-11T04:28:57.876Z"
"TC-2209","Appium","UI Gestures: Pull to Refresh Variant 7","PASS",264,"2026-08-11T04:28:57.876Z"
"TC-2210","Appium","UI Gestures: Pull to Refresh Variant 8","PASS",200,"2026-08-11T04:28:57.876Z"
"TC-2211","Appium","UI Gestures: Pull to Refresh Variant 9","PASS",324,"2026-08-11T04:28:57.876Z"
"TC-2212","Appium","UI Gestures: Pull to Refresh Variant 10","PASS",262,"2026-08-11T04:28:57.876Z"
"TC-2213","Appium","UI Gestures: Horizontal Swipe Marketplace Variant 1","PASS",300,"2026-08-11T04:28:57.876Z"
"TC-2214","Appium","UI Gestures: Horizontal Swipe Marketplace Variant 2","PASS",247,"2026-08-11T04:28:57.876Z"
"TC-2215","Appium","UI Gestures: Horizontal Swipe Marketplace Variant 3","PASS",315,"2026-08-11T04:28:57.876Z"
"TC-2216","Appium","UI Gestures: Horizontal Swipe Marketplace Variant 4","PASS",269,"2026-08-11T04:28:57.876Z"
"TC-2217","Appium","UI Gestures: Horizontal Swipe Marketplace Variant 5","PASS",262,"2026-08-11T04:28:57.876Z"
"TC-2218","Appium","UI Gestures: Horizontal Swipe Marketplace Variant 6","PASS",276,"2026-08-11T04:28:57.876Z"
"TC-2219","Appium","UI Gestures: Horizontal Swipe Marketplace Variant 7","PASS",332,"2026-08-11T04:28:57.876Z"
"TC-2220","Appium","UI Gestures: Horizontal Swipe Marketplace Variant 8","PASS",223,"2026-08-11T04:28:57.876Z"
"TC-2221","Appium","UI Gestures: Horizontal Swipe Marketplace Variant 9","PASS",401,"2026-08-11T04:28:57.876Z"
"TC-2222","Appium","UI Gestures: Horizontal Swipe Marketplace Variant 10","PASS",277,"2026-08-11T04:28:57.876Z"
"TC-2223","Appium","UI Gestures: Pinch Zoom AI Image Variant 1","PASS",165,"2026-08-11T04:28:57.876Z"
"TC-2224","Appium","UI Gestures: Pinch Zoom AI Image Variant 2","PASS",388,"2026-08-11T04:28:57.877Z"
"TC-2225","Appium","UI Gestures: Pinch Zoom AI Image Variant 3","PASS",356,"2026-08-11T04:28:57.877Z"
"TC-2226","Appium","UI Gestures: Pinch Zoom AI Image Variant 4","PASS",388,"2026-08-11T04:28:57.877Z"
"TC-2227","Appium","UI Gestures: Pinch Zoom AI Image Variant 5","PASS",242,"2026-08-11T04:28:57.877Z"
"TC-2228","Appium","UI Gestures: Pinch Zoom AI Image Variant 6","PASS",416,"2026-08-11T04:28:57.877Z"
"TC-2229","Appium","UI Gestures: Pinch Zoom AI Image Variant 7","PASS",239,"2026-08-11T04:28:57.877Z"
"TC-2230","Appium","UI Gestures: Pinch Zoom AI Image Variant 8","PASS",392,"2026-08-11T04:28:57.877Z"
"TC-2231","Appium","UI Gestures: Pinch Zoom AI Image Variant 9","PASS",437,"2026-08-11T04:28:57.877Z"
"TC-2232","Appium","UI Gestures: Pinch Zoom AI Image Variant 10","PASS",336,"2026-08-11T04:28:57.877Z"
"TC-2233","Appium","UI Gestures: Long Press Community Post Variant 1","PASS",395,"2026-08-11T04:28:57.877Z"
"TC-2234","Appium","UI Gestures: Long Press Community Post Variant 2","PASS",316,"2026-08-11T04:28:57.877Z"
"TC-2235","Appium","UI Gestures: Long Press Community Post Variant 3","PASS",289,"2026-08-11T04:28:57.877Z"
"TC-2236","Appium","UI Gestures: Long Press Community Post Variant 4","PASS",204,"2026-08-11T04:28:57.877Z"
"TC-2237","Appium","UI Gestures: Long Press Community Post Variant 5","PASS",357,"2026-08-11T04:28:57.877Z"
"TC-2238","Appium","UI Gestures: Long Press Community Post Variant 6","PASS",375,"2026-08-11T04:28:57.877Z"
"TC-2239","Appium","UI Gestures: Long Press Community Post Variant 7","PASS",242,"2026-08-11T04:28:57.877Z"
"TC-2240","Appium","UI Gestures: Long Press Community Post Variant 8","PASS",234,"2026-08-11T04:28:57.877Z"
"TC-2241","Appium","UI Gestures: Long Press Community Post Variant 9","PASS",157,"2026-08-11T04:28:57.877Z"
"TC-2242","Appium","UI Gestures: Long Press Community Post Variant 10","PASS",186,"2026-08-11T04:28:57.877Z"
"TC-2243","Appium","UI Gestures: Double Tap Like Variant 1","PASS",444,"2026-08-11T04:28:57.878Z"
"TC-2244","Appium","UI Gestures: Double Tap Like Variant 2","PASS",352,"2026-08-11T04:28:57.878Z"
"TC-2245","Appium","UI Gestures: Double Tap Like Variant 3","PASS",234,"2026-08-11T04:28:57.878Z"
"TC-2246","Appium","UI Gestures: Double Tap Like Variant 4","PASS",256,"2026-08-11T04:28:57.878Z"
"TC-2247","Appium","UI Gestures: Double Tap Like Variant 5","PASS",178,"2026-08-11T04:28:57.878Z"
"TC-2248","Appium","UI Gestures: Double Tap Like Variant 6","PASS",178,"2026-08-11T04:28:57.878Z"
"TC-2249","Appium","UI Gestures: Double Tap Like Variant 7","PASS",201,"2026-08-11T04:28:57.878Z"
"TC-2250","Appium","UI Gestures: Double Tap Like Variant 8","PASS",277,"2026-08-11T04:28:57.878Z"
"TC-2251","Appium","UI Gestures: Double Tap Like Variant 9","PASS",186,"2026-08-11T04:28:57.878Z"
"TC-2252","Appium","UI Gestures: Double Tap Like Variant 10","PASS",341,"2026-08-11T04:28:57.878Z"
"TC-2253","Appium","Device Hardware: Camera Permission Prompt Variant 1","PASS",237,"2026-08-11T04:28:57.878Z"
"TC-2254","Appium","Device Hardware: Camera Permission Prompt Variant 2","PASS",392,"2026-08-11T04:28:57.878Z"
"TC-2255","Appium","Device Hardware: Camera Permission Prompt Variant 3","PASS",299,"2026-08-11T04:28:57.878Z"
"TC-2256","Appium","Device Hardware: Camera Permission Prompt Variant 4","PASS",186,"2026-08-11T04:28:57.878Z"
"TC-2257","Appium","Device Hardware: Camera Permission Prompt Variant 5","PASS",287,"2026-08-11T04:28:57.878Z"
"TC-2258","Appium","Device Hardware: Camera Permission Prompt Variant 6","PASS",364,"2026-08-11T04:28:57.878Z"
"TC-2259","Appium","Device Hardware: Camera Permission Prompt Variant 7","PASS",435,"2026-08-11T04:28:57.878Z"
"TC-2260","Appium","Device Hardware: Camera Permission Prompt Variant 8","PASS",334,"2026-08-11T04:28:57.878Z"
"TC-2261","Appium","Device Hardware: Camera Permission Prompt Variant 9","PASS",437,"2026-08-11T04:28:57.878Z"
"TC-2262","Appium","Device Hardware: Camera Permission Prompt Variant 10","PASS",190,"2026-08-11T04:28:57.879Z"
"TC-2263","Appium","Device Hardware: GPS Location Accuracy Variant 1","PASS",407,"2026-08-11T04:28:57.879Z"
"TC-2264","Appium","Device Hardware: GPS Location Accuracy Variant 2","PASS",326,"2026-08-11T04:28:57.879Z"
"TC-2265","Appium","Device Hardware: GPS Location Accuracy Variant 3","PASS",151,"2026-08-11T04:28:57.879Z"
"TC-2266","Appium","Device Hardware: GPS Location Accuracy Variant 4","PASS",194,"2026-08-11T04:28:57.879Z"
"TC-2267","Appium","Device Hardware: GPS Location Accuracy Variant 5","PASS",240,"2026-08-11T04:28:57.879Z"
"TC-2268","Appium","Device Hardware: GPS Location Accuracy Variant 6","PASS",312,"2026-08-11T04:28:57.879Z"
"TC-2269","Appium","Device Hardware: GPS Location Accuracy Variant 7","PASS",184,"2026-08-11T04:28:57.879Z"
"TC-2270","Appium","Device Hardware: GPS Location Accuracy Variant 8","PASS",447,"2026-08-11T04:28:57.879Z"
"TC-2271","Appium","Device Hardware: GPS Location Accuracy Variant 9","PASS",261,"2026-08-11T04:28:57.879Z"
"TC-2272","Appium","Device Hardware: GPS Location Accuracy Variant 10","PASS",197,"2026-08-11T04:28:57.879Z"
"TC-2273","Appium","Device Hardware: Network Switching (WiFi/LTE) Variant 1","PASS",429,"2026-08-11T04:28:57.879Z"
"TC-2274","Appium","Device Hardware: Network Switching (WiFi/LTE) Variant 2","PASS",237,"2026-08-11T04:28:57.879Z"
"TC-2275","Appium","Device Hardware: Network Switching (WiFi/LTE) Variant 3","PASS",342,"2026-08-11T04:28:57.879Z"
"TC-2276","Appium","Device Hardware: Network Switching (WiFi/LTE) Variant 4","PASS",282,"2026-08-11T04:28:57.879Z"
"TC-2277","Appium","Device Hardware: Network Switching (WiFi/LTE) Variant 5","PASS",153,"2026-08-11T04:28:57.879Z"
"TC-2278","Appium","Device Hardware: Network Switching (WiFi/LTE) Variant 6","PASS",180,"2026-08-11T04:28:57.879Z"
"TC-2279","Appium","Device Hardware: Network Switching (WiFi/LTE) Variant 7","PASS",446,"2026-08-11T04:28:57.879Z"
"TC-2280","Appium","Device Hardware: Network Switching (WiFi/LTE) Variant 8","PASS",238,"2026-08-11T04:28:57.879Z"
"TC-2281","Appium","Device Hardware: Network Switching (WiFi/LTE) Variant 9","PASS",442,"2026-08-11T04:28:57.879Z"
"TC-2282","Appium","Device Hardware: Network Switching (WiFi/LTE) Variant 10","PASS",306,"2026-08-11T04:28:57.880Z"
"TC-2283","Appium","Device Hardware: Battery Low Notification Variant 1","PASS",412,"2026-08-11T04:28:57.880Z"
"TC-2284","Appium","Device Hardware: Battery Low Notification Variant 2","PASS",411,"2026-08-11T04:28:57.880Z"
"TC-2285","Appium","Device Hardware: Battery Low Notification Variant 3","PASS",444,"2026-08-11T04:28:57.880Z"
"TC-2286","Appium","Device Hardware: Battery Low Notification Variant 4","PASS",253,"2026-08-11T04:28:57.880Z"
"TC-2287","Appium","Device Hardware: Battery Low Notification Variant 5","PASS",297,"2026-08-11T04:28:57.880Z"
"TC-2288","Appium","Device Hardware: Battery Low Notification Variant 6","PASS",265,"2026-08-11T04:28:57.880Z"
"TC-2289","Appium","Device Hardware: Battery Low Notification Variant 7","PASS",308,"2026-08-11T04:28:57.880Z"
"TC-2290","Appium","Device Hardware: Battery Low Notification Variant 8","PASS",446,"2026-08-11T04:28:57.881Z"
"TC-2291","Appium","Device Hardware: Battery Low Notification Variant 9","PASS",379,"2026-08-11T04:28:57.881Z"
"TC-2292","Appium","Device Hardware: Battery Low Notification Variant 10","PASS",177,"2026-08-11T04:28:57.881Z"
"TC-2293","Appium","Device Hardware: Dark Mode Toggle Variant 1","PASS",435,"2026-08-11T04:28:57.881Z"
"TC-2294","Appium","Device Hardware: Dark Mode Toggle Variant 2","PASS",190,"2026-08-11T04:28:57.881Z"
"TC-2295","Appium","Device Hardware: Dark Mode Toggle Variant 3","PASS",262,"2026-08-11T04:28:57.881Z"
"TC-2296","Appium","Device Hardware: Dark Mode Toggle Variant 4","PASS",331,"2026-08-11T04:28:57.881Z"
"TC-2297","Appium","Device Hardware: Dark Mode Toggle Variant 5","PASS",275,"2026-08-11T04:28:57.881Z"
"TC-2298","Appium","Device Hardware: Dark Mode Toggle Variant 6","PASS",446,"2026-08-11T04:28:57.881Z"
"TC-2299","Appium","Device Hardware: Dark Mode Toggle Variant 7","PASS",414,"2026-08-11T04:28:57.881Z"
"TC-2300","Appium","Device Hardware: Dark Mode Toggle Variant 8","PASS",188,"2026-08-11T04:28:57.881Z"
"TC-2301","Appium","Device Hardware: Dark Mode Toggle Variant 9","PASS",223,"2026-08-11T04:28:57.881Z"
"TC-2302","Appium","Device Hardware: Dark Mode Toggle Variant 10","PASS",392,"2026-08-11T04:28:57.881Z"
"TC-2303","Appium","Mobile Flow Integrity Check #1","PASS",190,"2026-08-11T04:28:57.881Z"
"TC-2304","Appium","Mobile Flow Integrity Check #2","PASS",133,"2026-08-11T04:28:57.881Z"
"TC-2305","Appium","Mobile Flow Integrity Check #3","PASS",185,"2026-08-11T04:28:57.881Z"
"TC-2306","Appium","Mobile Flow Integrity Check #4","PASS",212,"2026-08-11T04:28:57.881Z"
"TC-2307","Appium","Mobile Flow Integrity Check #5","PASS",109,"2026-08-11T04:28:57.882Z"
"TC-2308","Appium","Mobile Flow Integrity Check #6","PASS",202,"2026-08-11T04:28:57.882Z"
"TC-2309","Appium","Mobile Flow Integrity Check #7","PASS",183,"2026-08-11T04:28:57.884Z"
"TC-2310","Appium","Mobile Flow Integrity Check #8","PASS",139,"2026-08-11T04:28:57.885Z"
"TC-2311","Appium","Mobile Flow Integrity Check #9","PASS",207,"2026-08-11T04:28:57.885Z"
"TC-2312","Appium","Mobile Flow Integrity Check #10","PASS",174,"2026-08-11T04:28:57.885Z"
"TC-2313","Appium","Mobile Flow Integrity Check #11","PASS",271,"2026-08-11T04:28:57.885Z"
"TC-2314","Appium","Mobile Flow Integrity Check #12","PASS",207,"2026-08-11T04:28:57.885Z"
"TC-2315","Appium","Mobile Flow Integrity Check #13","PASS",192,"2026-08-11T04:28:57.885Z"
"TC-2316","Appium","Mobile Flow Integrity Check #14","PASS",114,"2026-08-11T04:28:57.885Z"
"TC-2317","Appium","Mobile Flow Integrity Check #15","PASS",241,"2026-08-11T04:28:57.885Z"
"TC-2318","Appium","Mobile Flow Integrity Check #16","PASS",152,"2026-08-11T04:28:57.885Z"
"TC-2319","Appium","Mobile Flow Integrity Check #17","PASS",140,"2026-08-11T04:28:57.885Z"
"TC-2320","Appium","Mobile Flow Integrity Check #18","PASS",287,"2026-08-11T04:28:57.885Z"
"TC-2321","Appium","Mobile Flow Integrity Check #19","PASS",169,"2026-08-11T04:28:57.885Z"
"TC-2322","Appium","Mobile Flow Integrity Check #20","PASS",189,"2026-08-11T04:28:57.885Z"
"TC-2323","Appium","Mobile Flow Integrity Check #21","PASS",274,"2026-08-11T04:28:57.885Z"
"TC-2324","Appium","Mobile Flow Integrity Check #22","PASS",291,"2026-08-11T04:28:57.885Z"
"TC-2325","Appium","Mobile Flow Integrity Check #23","PASS",151,"2026-08-11T04:28:57.885Z"
"TC-2326","Appium","Mobile Flow Integrity Check #24","PASS",276,"2026-08-11T04:28:57.885Z"
"TC-2327","Appium","Mobile Flow Integrity Check #25","PASS",139,"2026-08-11T04:28:57.886Z"
"TC-2328","Appium","Mobile Flow Integrity Check #26","PASS",197,"2026-08-11T04:28:57.886Z"
"TC-2329","Appium","Mobile Flow Integrity Check #27","PASS",257,"2026-08-11T04:28:57.886Z"
"TC-2330","Appium","Mobile Flow Integrity Check #28","PASS",247,"2026-08-11T04:28:57.886Z"
"TC-2331","Appium","Mobile Flow Integrity Check #29","PASS",105,"2026-08-11T04:28:57.886Z"
"TC-2332","Appium","Mobile Flow Integrity Check #30","PASS",125,"2026-08-11T04:28:57.886Z"
"TC-2333","Appium","Mobile Flow Integrity Check #31","PASS",191,"2026-08-11T04:28:57.886Z"
"TC-2334","Appium","Mobile Flow Integrity Check #32","PASS",241,"2026-08-11T04:28:57.886Z"
"TC-2335","Appium","Mobile Flow Integrity Check #33","PASS",186,"2026-08-11T04:28:57.886Z"
"TC-2336","Appium","Mobile Flow Integrity Check #34","PASS",152,"2026-08-11T04:28:57.886Z"
"TC-2337","Appium","Mobile Flow Integrity Check #35","PASS",106,"2026-08-11T04:28:57.886Z"
"TC-2338","Appium","Mobile Flow Integrity Check #36","PASS",119,"2026-08-11T04:28:57.886Z"
"TC-2339","Appium","Mobile Flow Integrity Check #37","PASS",130,"2026-08-11T04:28:57.886Z"
"TC-2340","Appium","Mobile Flow Integrity Check #38","PASS",152,"2026-08-11T04:28:57.886Z"
"TC-2341","Appium","Mobile Flow Integrity Check #39","PASS",146,"2026-08-11T04:28:57.886Z"
"TC-2342","Appium","Mobile Flow Integrity Check #40","PASS",286,"2026-08-11T04:28:57.886Z"
"TC-2343","Appium","Mobile Flow Integrity Check #41","PASS",185,"2026-08-11T04:28:57.886Z"
"TC-2344","Appium","Mobile Flow Integrity Check #42","PASS",296,"2026-08-11T04:28:57.886Z"
"TC-2345","Appium","Mobile Flow Integrity Check #43","PASS",219,"2026-08-11T04:28:57.886Z"
"TC-2346","Appium","Mobile Flow Integrity Check #44","PASS",158,"2026-08-11T04:28:57.886Z"
"TC-2347","Appium","Mobile Flow Integrity Check #45","PASS",170,"2026-08-11T04:28:57.887Z"
"TC-2348","Appium","Mobile Flow Integrity Check #46","PASS",154,"2026-08-11T04:28:57.887Z"
"TC-2349","Appium","Mobile Flow Integrity Check #47","PASS",105,"2026-08-11T04:28:57.887Z"
"TC-2350","Appium","Mobile Flow Integrity Check #48","PASS",216,"2026-08-11T04:28:57.887Z"
"TC-2351","Appium","Mobile Flow Integrity Check #49","PASS",295,"2026-08-11T04:28:57.887Z"
"TC-2352","Appium","Mobile Flow Integrity Check #50","PASS",288,"2026-08-11T04:28:57.887Z"
"TC-2353","Appium","Mobile Flow Integrity Check #51","PASS",239,"2026-08-11T04:28:57.887Z"
"TC-2354","Appium","Mobile Flow Integrity Check #52","PASS",178,"2026-08-11T04:28:57.887Z"
"TC-2355","Appium","Mobile Flow Integrity Check #53","PASS",287,"2026-08-11T04:28:57.887Z"
"TC-2356","Appium","Mobile Flow Integrity Check #54","PASS",121,"2026-08-11T04:28:57.887Z"
"TC-2357","Appium","Mobile Flow Integrity Check #55","PASS",230,"2026-08-11T04:28:57.887Z"
"TC-2358","Appium","Mobile Flow Integrity Check #56","PASS",188,"2026-08-11T04:28:57.887Z"
"TC-2359","Appium","Mobile Flow Integrity Check #57","PASS",169,"2026-08-11T04:28:57.887Z"
"TC-2360","Appium","Mobile Flow Integrity Check #58","PASS",180,"2026-08-11T04:28:57.887Z"
"TC-2361","Appium","Mobile Flow Integrity Check #59","PASS",255,"2026-08-11T04:28:57.887Z"
"TC-2362","Appium","Mobile Flow Integrity Check #60","PASS",245,"2026-08-11T04:28:57.887Z"
"TC-2363","Appium","Mobile Flow Integrity Check #61","PASS",203,"2026-08-11T04:28:57.887Z"
"TC-2364","Appium","Mobile Flow Integrity Check #62","PASS",265,"2026-08-11T04:28:57.887Z"
"TC-2365","Appium","Mobile Flow Integrity Check #63","PASS",234,"2026-08-11T04:28:57.887Z"
"TC-2366","Appium","Mobile Flow Integrity Check #64","PASS",250,"2026-08-11T04:28:57.888Z"
"TC-2367","Appium","Mobile Flow Integrity Check #65","PASS",186,"2026-08-11T04:28:57.888Z"
"TC-2368","Appium","Mobile Flow Integrity Check #66","PASS",210,"2026-08-11T04:28:57.888Z"
"TC-2369","Appium","Mobile Flow Integrity Check #67","PASS",199,"2026-08-11T04:28:57.888Z"
"TC-2370","Appium","Mobile Flow Integrity Check #68","PASS",179,"2026-08-11T04:28:57.888Z"
"TC-2371","Appium","Mobile Flow Integrity Check #69","PASS",134,"2026-08-11T04:28:57.888Z"
"TC-2372","Appium","Mobile Flow Integrity Check #70","PASS",193,"2026-08-11T04:28:57.888Z"
"TC-2373","Appium","Mobile Flow Integrity Check #71","PASS",146,"2026-08-11T04:28:57.888Z"
"TC-2374","Appium","Mobile Flow Integrity Check #72","PASS",101,"2026-08-11T04:28:57.888Z"
"TC-2375","Appium","Mobile Flow Integrity Check #73","PASS",171,"2026-08-11T04:28:57.888Z"
"TC-2376","Appium","Mobile Flow Integrity Check #74","PASS",139,"2026-08-11T04:28:57.888Z"
"TC-2377","Appium","Mobile Flow Integrity Check #75","PASS",178,"2026-08-11T04:28:57.888Z"
"TC-2378","Appium","Mobile Flow Integrity Check #76","PASS",282,"2026-08-11T04:28:57.888Z"
"TC-2379","Appium","Mobile Flow Integrity Check #77","PASS",109,"2026-08-11T04:28:57.888Z"
"TC-2380","Appium","Mobile Flow Integrity Check #78","PASS",284,"2026-08-11T04:28:57.888Z"
"TC-2381","Appium","Mobile Flow Integrity Check #79","PASS",222,"2026-08-11T04:28:57.888Z"
"TC-2382","Appium","Mobile Flow Integrity Check #80","PASS",116,"2026-08-11T04:28:57.888Z"
"TC-2383","Appium","Mobile Flow Integrity Check #81","PASS",263,"2026-08-11T04:28:57.889Z"
"TC-2384","Appium","Mobile Flow Integrity Check #82","PASS",178,"2026-08-11T04:28:57.889Z"
"TC-2385","Appium","Mobile Flow Integrity Check #83","PASS",209,"2026-08-11T04:28:57.889Z"
"TC-2386","Appium","Mobile Flow Integrity Check #84","PASS",239,"2026-08-11T04:28:57.889Z"
"TC-2387","Appium","Mobile Flow Integrity Check #85","PASS",289,"2026-08-11T04:28:57.889Z"
"TC-2388","Appium","Mobile Flow Integrity Check #86","PASS",162,"2026-08-11T04:28:57.889Z"
"TC-2389","Appium","Mobile Flow Integrity Check #87","PASS",199,"2026-08-11T04:28:57.889Z"
"TC-2390","Appium","Mobile Flow Integrity Check #88","PASS",190,"2026-08-11T04:28:57.889Z"
"TC-2391","Appium","Mobile Flow Integrity Check #89","PASS",115,"2026-08-11T04:28:57.889Z"
"TC-2392","Appium","Mobile Flow Integrity Check #90","PASS",207,"2026-08-11T04:28:57.889Z"